nv,correlation energy
1,-0.000695627794349364
2,-0.000845941906492912
3,-0.000996256015236062
4,-0.00111641750100271
5,-0.00112500659845229
6,-0.0013452836823458
7,-0.00211832502222765
8,-0.00212556224768953
9,-0.00246119399593763
10,-0.0027968257240176
11,-0.00284563367111485
12,-0.00289444162050029
13,-0.00305172007148542
14,-0.00306835623912723
15,-0.00330640621813451
16,-0.00351480379333498
17,-0.0037232013656732
18,-0.00372925573129678
19,-0.00374916808695986
20,-0.00451880838453453
21,-0.00464049827184851
22,-0.00476218814678813
23,-0.00476905834819273
24,-0.00500294570536673
25,-0.0052368330588778
26,-0.00543107430765269
27,-0.00663610903394681
28,-0.0067696965000605
29,-0.00690328392786681
30,-0.00757234872549176
31,-0.00758977925725377
32,-0.00768419214110674
33,-0.00931161349682491
34,-0.00935267752843123
35,-0.00939374095800014
36,-0.00967246293296294
37,-0.00969175662922299
38,-0.00969204669692789
39,-0.00981521692084943
40,-0.00993838184959276
41,-0.00999642192724717
42,-0.0100544647941167
43,-0.0103081764133863
44,-0.0103157516409098
45,-0.0103620390266564
46,-0.0104083264214487
47,-0.010779663160132
48,-0.0111510012988759
49,-0.0111572557870358
50,-0.0111903016648806
51,-0.0112087879802415
52,-0.011346330018096
53,-0.011475212565593
54,-0.011604095722686
55,-0.011668937020306
56,-0.0116843789571279
57,-0.0121621244689605
58,-0.0121752895699916
59,-0.0121884546731354
60,-0.0121905633049861
61,-0.0121914192931383
62,-0.0125681592779592
63,-0.0129448992662115
64,-0.0129489311767382
65,-0.013295798391467
66,-0.0133615042769917
67,-0.0133775347503817
68,-0.0133935652253873
69,-0.0135736650825303
70,-0.013753764968677
71,-0.0137608578459189
72,-0.013761119504325
73,-0.0138645226907994
74,-0.0138744455372431
75,-0.0139186733841065
76,-0.0139629012326389
77,-0.0139798691017855
78,-0.0139968369713582
79,-0.0140211540574185
80,-0.0143474882744167
81,-0.015130082354735
82,-0.0151336982154613
83,-0.0151373140759122
84,-0.015148094659912
85,-0.0154045559022711
86,-0.0155541108499279
87,-0.015703665812582
88,-0.0158027835586172
89,-0.0159019012718129
90,-0.0159102051984177
91,-0.0160240351358512
92,-0.0160389920950561
93,-0.0166035689600966
94,-0.0166109697203999
95,-0.0166183705227614
96,-0.0169519388987392
97,-0.0169654968895224
98,-0.0171125626247284
99,-0.017213869467989
100,-0.0173151757243216
101,-0.0173211321916965
102,-0.0173863249597344
103,-0.0174515177297236
104,-0.0174662147288662
105,-0.0176488472604121
106,-0.0176491234154383
107,-0.0178293218048491
108,-0.018009519121474
109,-0.0180097030567264
110,-0.0180562492727374
111,-0.0181020818402034
112,-0.0181137598340817
113,-0.0181254377638694
114,-0.0181618560538405
115,-0.0181982751917401
116,-0.0182010061409796
117,-0.0182094757320701
118,-0.0182132814654066
119,-0.0182248124865279
120,-0.0182363436381671
121,-0.0183027355679264
122,-0.018371589375637
123,-0.018404677434694
124,-0.0184377654263569
125,-0.0184465621586786
126,-0.018646737749327
127,-0.0186593035121293
128,-0.0186718692747312
129,-0.0186724888438292
130,-0.0188581942325704
131,-0.0188688516939661
132,-0.018901888007273
133,-0.0189349242210307
134,-0.0190237994086981
135,-0.0190422695036362
136,-0.019093517243782
137,-0.0191447653785758
138,-0.0192008602368817
139,-0.0192569555178537
140,-0.0193653246696796
141,-0.0193662097684203
142,-0.0193666335674027
143,-0.0194599490194516
144,-0.0195532645121996
145,-0.0195815523523012
146,-0.0196058927438166
147,-0.0196157225749175
148,-0.019640495725091
149,-0.0196652687357684
150,-0.0198705580076157
151,-0.0198721989452514
152,-0.0198801833236755
153,-0.0198817711591134
154,-0.0199756538383767
155,-0.0199809164003489
156,-0.0199861789811945
157,-0.0201148205673058
158,-0.0201235606745847
159,-0.0202270410384104
160,-0.0203305214482468
161,-0.0203453418585805
162,-0.020360162387669
163,-0.0204039027284036
164,-0.0204476429109815
165,-0.0204590462719579
166,-0.0204600142059534
167,-0.0204779238035621
168,-0.0204958334116829
169,-0.0205288365688752
170,-0.0205406315854079
171,-0.020593246297744
172,-0.0206458609807669
173,-0.0206798900921265
174,-0.0206929375421101
175,-0.0207179076195147
176,-0.0207428776413197
177,-0.0207505663661374
178,-0.0208804653259605
179,-0.021062476474611
180,-0.021071605825627
181,-0.0210807351438386
182,-0.0210908852992676
183,-0.0211448178507497
184,-0.0212139093289741
185,-0.0212830006037847
186,-0.0212834236840922
187,-0.0212992293558869
188,-0.0213150349710821
189,-0.0213253309721466
190,-0.0213329888428171
191,-0.0213406467743829
192,-0.0213453576652741
193,-0.0213533701215233
194,-0.0214678200655123
195,-0.0215452470028323
196,-0.02158093447373
197,-0.0216166229538498
198,-0.0216737160649707
199,-0.0217308087591302
200,-0.0217382316315696
201,-0.0217444542773228
202,-0.0217754061344257
203,-0.0217806498142999
204,-0.0217858948306447
205,-0.0218583002934627
206,-0.0220594328383191
207,-0.0220602861847892
208,-0.0220706212833095
209,-0.0220809542816396
210,-0.0220865682748596
211,-0.0220866307565556
212,-0.0221758570314052
213,-0.0222100964729854
214,-0.0222443345742389
215,-0.0222444413607017
216,-0.0222502739235071
217,-0.0222567415887746
218,-0.0222632091123216
219,-0.0222636678035897
220,-0.0222856451352193
221,-0.0223543195332118
222,-0.0224229937795805
223,-0.0225061668604634
224,-0.0225893406967886
225,-0.0225943211865934
226,-0.0226228199059428
227,-0.0226234161147384
228,-0.0226581152006498
229,-0.0226928147634741
230,-0.0227392019613224
231,-0.0227475342050259
232,-0.022755866676732
233,-0.0227659044997658
234,-0.0227675280890088
235,-0.0227797655388828
236,-0.0227820726242417
237,-0.0227843797084665
238,-0.022790293961196
239,-0.0227966013824402
240,-0.022802908864523
241,-0.0228159963607972
242,-0.0228224440667867
243,-0.0228288917935612
244,-0.0228342567150446
245,-0.0228343846352886
246,-0.0228380687593455
247,-0.0228392604476947
248,-0.0228404521362216
249,-0.0228413936351457
250,-0.0229203919705077
251,-0.0229339105423774
252,-0.0229474289895648
253,-0.0229531327314537
254,-0.0231045316655051
255,-0.0231573297500272
256,-0.0231987293108378
257,-0.0232058784720757
258,-0.0232130279722028
259,-0.0232699029700996
260,-0.0235130384631532
261,-0.0235135675485398
262,-0.0235163428435517
263,-0.0235172079100017
264,-0.0235180726408568
265,-0.0235362429857587
266,-0.0235544161184947
267,-0.0235547914200972
268,-0.0235620080130592
269,-0.0236477887614023
270,-0.0236560947302646
271,-0.0237079485348852
272,-0.0237482310748888
273,-0.0237885081887256
274,-0.0237959292760741
275,-0.023818655831991
276,-0.023841383593911
277,-0.0238492822307739
278,-0.023860983064926
279,-0.0238726836041118
280,-0.0238955642326222
281,-0.0239184446738661
282,-0.0239186818363152
283,-0.0239191707608234
284,-0.0239416754633867
285,-0.0239439895115595
286,-0.0239463035193579
287,-0.023952756632704
288,-0.0239544172937969
289,-0.0239560779782207
290,-0.0239878517142748
291,-0.024019625548972
292,-0.024030109469172
293,-0.0240310771503786
294,-0.0240564102405344
295,-0.0240641463713171
296,-0.02407188294904
297,-0.0240729459083012
298,-0.0240776694531537
299,-0.0240798795450955
300,-0.0241074501768835
301,-0.0241350202503934
302,-0.0241457272220023
303,-0.0241575916448627
304,-0.0241665989248013
305,-0.0241761889335188
306,-0.0241857787894384
307,-0.024191539880381
308,-0.0242369056050956
309,-0.0242466749456236
310,-0.0242545322142164
311,-0.0242623891903072
312,-0.0242641594528347
313,-0.0242833337027816
314,-0.0243025106352065
315,-0.024303387564166
316,-0.0243044397971993
317,-0.0243602222518667
318,-0.0243650775931186
319,-0.0243699342932607
320,-0.024371096836202
321,-0.024373157367593
322,-0.0243778122146197
323,-0.0243920966663003
324,-0.0244063760228827
325,-0.0244156480977201
326,-0.0244246212188679
327,-0.024464744573354
328,-0.024473698700947
329,-0.0244826486045802
330,-0.0244883154696106
331,-0.0244939823275209
332,-0.0245247511671371
333,-0.0245285360342263
334,-0.0245610680158732
335,-0.0245935950401841
336,-0.0246133601283629
337,-0.0246208620753443
338,-0.024628373274876
339,-0.0246291876297005
340,-0.0246307982933354
341,-0.0246352642789273
342,-0.0246397296135388
343,-0.0246419602026578
344,-0.0246758237780486
345,-0.0246885918129705
346,-0.0247013596264369
347,-0.0247035965282306
348,-0.0247370106944445
349,-0.0247472141894787
350,-0.024770358522584
351,-0.0247935031074568
352,-0.0247938435749372
353,-0.0247941379613667
354,-0.0248000096404875
355,-0.0248058812832569
356,-0.0248090709047184
357,-0.0248122605931755
358,-0.0248163561759302
359,-0.0248223063987122
360,-0.024855143307429
361,-0.0248747597895639
362,-0.024894376942083
363,-0.0249031671307313
364,-0.0249176941000816
365,-0.0249208608930402
366,-0.0249240275946678
367,-0.0249275889763068
368,-0.0249735108778043
369,-0.0249747785364595
370,-0.0249760461908305
371,-0.0250224564933017
372,-0.0250229151434936
373,-0.0250518361538027
374,-0.0250520566059822
375,-0.0250561647736251
376,-0.0250602732027888
377,-0.0250703440591693
378,-0.0250804132459635
379,-0.025084688309424
380,-0.0251028261108458
381,-0.0251209633484852
382,-0.0251505620633254
383,-0.0251787334450522
384,-0.0252069066064454
385,-0.0252172083232769
386,-0.0252196330240438
387,-0.0252229007226595
388,-0.0252264050958233
389,-0.0252830020268533
390,-0.02528434261849
391,-0.0252856838107631
392,-0.0253338369453382
393,-0.0253349310837124
394,-0.0253369638180093
395,-0.0253432760473983
396,-0.0253495819917938
397,-0.0253497394487752
398,-0.0253598272026641
399,-0.0253699091591729
400,-0.0254073142652426
401,-0.0254098183598904
402,-0.0254239771864684
403,-0.0254381339405121
404,-0.0254381830926224
405,-0.025464309833863
406,-0.0254904406460953
407,-0.0254905231206802
408,-0.0254948696776006
409,-0.0254992232661804
410,-0.0255015674804356
411,-0.0255080750352931
412,-0.0255087921708837
413,-0.0255101377696068
414,-0.0255264520977156
415,-0.0255460786418336
416,-0.0255657076818272
417,-0.0255823988661689
418,-0.0255842801670387
419,-0.0255881686702061
420,-0.0255920561684589
421,-0.025595220621233
422,-0.025598385598717
423,-0.0256060593425622
424,-0.0256137358679616
425,-0.025626400427674
426,-0.0256278835780134
427,-0.0256295128300796
428,-0.0256304807166073
429,-0.0256325656586189
430,-0.0256346506297971
431,-0.0256353076741769
432,-0.0256408093917005
433,-0.0256429542969948
434,-0.025645099193389
435,-0.0256464603067014
436,-0.0256546385551264
437,-0.0256693167529326
438,-0.0256812407976695
439,-0.025693164988702
440,-0.025698994758449
441,-0.0257082855201103
442,-0.0257175758320381
443,-0.0257211834142552
444,-0.0257214226904511
445,-0.0257216421293984
446,-0.0257265208900071
447,-0.0257313993421595
448,-0.0257487806331789
449,-0.0257509918705886
450,-0.0257532030454533
451,-0.0257604921213507
452,-0.0257695752900514
453,-0.0257786589639717
454,-0.0257918521065198
455,-0.0257985348977514
456,-0.0257997947244737
457,-0.0258006234143552
458,-0.0258102431014849
459,-0.0258198632060414
460,-0.0258482775217749
461,-0.0258997638401401
462,-0.0259025687951346
463,-0.025905373773695
464,-0.0259541433283422
465,-0.0259582508248397
466,-0.0259591926741377
467,-0.0259599060501926
468,-0.0259606194277114
469,-0.0259789360436741
470,-0.0259972521418237
471,-0.0260265366830167
472,-0.0260297880789162
473,-0.0260337509625815
474,-0.0260425148084477
475,-0.0260512785808944
476,-0.0260517529850342
477,-0.0260529679200324
478,-0.0260544556164922
479,-0.0260559433475395
480,-0.0260575581254957
481,-0.0260591729069433
482,-0.0260619800125566
483,-0.0260628460674871
484,-0.0260752588966236
485,-0.0260976826859133
486,-0.0261201064303198
487,-0.0261499646401851
488,-0.0261542797088024
489,-0.0261584046866702
490,-0.0261763003896722
491,-0.0261776656549066
492,-0.0261790309355222
493,-0.0261813854179719
494,-0.0262205766617377
495,-0.0262272006814176
496,-0.0262338246944251
497,-0.0262375564096389
498,-0.0262412879400057
499,-0.0262431903748061
500,-0.0262433411993096
501,-0.0262452582854332
502,-0.0262715434609483
503,-0.0262726500061919
504,-0.0262737565160868
505,-0.0262751692447977
506,-0.026288147061232
507,-0.0263011250302396
508,-0.0263055031723855
509,-0.0263144250616177
510,-0.0263214251440137
511,-0.0263284252708101
512,-0.026331644637191
513,-0.0263398586851117
514,-0.0263456559933189
515,-0.026387122075366
516,-0.0263935397873654
517,-0.0263999564740392
518,-0.0264018186472447
519,-0.0264020685376429
520,-0.0264034917192589
521,-0.0264212129316227
522,-0.0264218943323914
523,-0.0264225756952762
524,-0.0264539203586836
525,-0.0264608808267803
526,-0.0264678373493541
527,-0.0264747016657099
528,-0.0264815663241887
529,-0.0264917142246463
530,-0.0264955288728103
531,-0.0264993445644522
532,-0.0265017773830593
533,-0.0265026718954149
534,-0.0265045618125231
535,-0.026505632991405
536,-0.0265063075745671
537,-0.0265069821813712
538,-0.0265271575956929
539,-0.0265273637640984
540,-0.026529187587296
541,-0.0265310110264481
542,-0.0265311939840074
543,-0.0265355629488573
544,-0.0265399282501237
545,-0.026542339587792
546,-0.0265447118399491
547,-0.0265527625945299
548,-0.0265608142039269
549,-0.0265657563585136
550,-0.0265706813737073
551,-0.0265756096820233
552,-0.0265759061058721
553,-0.0265873017446796
554,-0.026604031313709
555,-0.0266207552222874
556,-0.026628171665125
557,-0.0266330212832417
558,-0.0266378824982041
559,-0.0266394614851555
560,-0.0266400741618577
561,-0.0266415309401016
562,-0.0266429875906874
563,-0.0266432673306874
564,-0.0266461386558912
565,-0.0266490099263999
566,-0.0266549791771864
567,-0.0266552414749712
568,-0.0266556237253426
569,-0.0266599040930944
570,-0.0266600072139967
571,-0.0266635727253108
572,-0.0266671386736418
573,-0.0266741912286009
574,-0.0266776882527047
575,-0.0266811855377918
576,-0.0266859899129675
577,-0.0266881703569259
578,-0.0266931621306659
579,-0.0266981557332284
580,-0.0267043643993486
581,-0.0267068014835582
582,-0.0267070885484389
583,-0.0267075846410804
584,-0.0267080808846418
585,-0.0267083647051588
586,-0.0267120372874079
587,-0.0267128355108087
588,-0.026713633727813
589,-0.026721252065384
590,-0.0267221396900503
591,-0.0267226841100564
592,-0.0267403930932964
593,-0.0267406403660108
594,-0.0267410022145383
595,-0.0267433338336304
596,-0.0267456654085937
597,-0.0267501492410295
598,-0.0267557353810762
599,-0.026761321190395
600,-0.0267746437783218
601,-0.0267761887555207
602,-0.0267779981086493
603,-0.0267833596555093
604,-0.0267887225618149
605,-0.0267980777562247
606,-0.0268003485915903
607,-0.0268026193380171
608,-0.0268047454627852
609,-0.0268068718147366
610,-0.0268171517571171
611,-0.0268315001475656
612,-0.0268458489234802
613,-0.0268462459049911
614,-0.0268468835279928
615,-0.0268475211318075
616,-0.0268486206638483
617,-0.0268575403546048
618,-0.0268620033292335
619,-0.0268653172894228
620,-0.0268686310999719
621,-0.0268766645992816
622,-0.0269341398158103
623,-0.0269346871041018
624,-0.0269389230175878
625,-0.0269431582059533
626,-0.0269432667700167
627,-0.0269658813671335
628,-0.0269674999799171
629,-0.0269677905877804
630,-0.0269686589922151
631,-0.0269695272427626
632,-0.0269708077716051
633,-0.0269779629536678
634,-0.0269851128046176
635,-0.0270072594919441
636,-0.0270294097438807
637,-0.0270465858838378
638,-0.0270513827119636
639,-0.0270515545263039
640,-0.0270535402573533
641,-0.0270555205003981
642,-0.0270664881560097
643,-0.027077459228079
644,-0.0270817874103566
645,-0.0270831852667962
646,-0.0270845828087178
647,-0.0270847189118231
648,-0.0270906853852417
649,-0.0270962287754851
650,-0.0270978176805825
651,-0.0271039368306107
652,-0.0271068848047878
653,-0.0271098342714937
654,-0.027113352639338
655,-0.0271168711064073
656,-0.0271180498193852
657,-0.0271192287894716
658,-0.0271206462825914
659,-0.027122125775304
660,-0.0271244557282083
661,-0.0271267857258778
662,-0.0271305132784343
663,-0.0271322496424694
664,-0.0271324513626311
665,-0.0271327318309796
666,-0.027137478928131
667,-0.0271387623940771
668,-0.0271400458147057
669,-0.0271403286251581
670,-0.0271406493973567
671,-0.0271433693743985
672,-0.0271460892445231
673,-0.0271488114552203
674,-0.0271506974765224
675,-0.0271525836115774
676,-0.0271541664315613
677,-0.0271560310497491
678,-0.0271578962537357
679,-0.0271614223919031
680,-0.0271620467455616
681,-0.0271626674492102
682,-0.0271629676628636
683,-0.0271632354645467
684,-0.0271640477491557
685,-0.0271648600899119
686,-0.0271657009096979
687,-0.0271665418621406
688,-0.0271674816070221
689,-0.0271684102609072
690,-0.0271750783481926
691,-0.027191815801061
692,-0.0271932468143098
693,-0.0271946776548359
694,-0.0272035743879925
695,-0.0272040665381647
696,-0.0272041253777286
697,-0.0272045658908899
698,-0.0272056037521123
699,-0.0272066413249926
700,-0.0272148242091525
701,-0.0272230066221711
702,-0.0272231762577637
703,-0.0272262228440779
704,-0.027229269471359
705,-0.0272298160282117
706,-0.0272303625879124
707,-0.0272304582402424
708,-0.0272397849564135
709,-0.0272408646382867
710,-0.0272465085561191
711,-0.0272521522273187
712,-0.0272532051701099
713,-0.0272534826632029
714,-0.0272545307223035
715,-0.0272594912284665
716,-0.027264008720047
717,-0.0272668297445385
718,-0.0272696505144194
719,-0.0272712664213178
720,-0.0272800831607668
721,-0.0272886123226143
722,-0.027297141290812
723,-0.0273039746593285
724,-0.0273051824694758
725,-0.0273063905406602
726,-0.0273078381702525
727,-0.0273092867274557
728,-0.0273096541473014
729,-0.0273099485290489
730,-0.0273110092143056
731,-0.0273113514499551
732,-0.0273119555483408
733,-0.0273125596425723
734,-0.0273131752416061
735,-0.0273142175524489
736,-0.0273152599123665
737,-0.0273164669804669
738,-0.0273236029638563
739,-0.0273268817947903
740,-0.0273301606246711
741,-0.0273311085354489
742,-0.0273359703579894
743,-0.027340735840949
744,-0.0273448535671507
745,-0.0273489711384736
746,-0.0273527543435509
747,-0.0273565376086076
748,-0.0273587562759138
749,-0.0273606377648306
750,-0.027369736870683
751,-0.0273884539047978
752,-0.0273890307678019
753,-0.0273896076107014
754,-0.0273903685763812
755,-0.0274116397374029
756,-0.027415391041298
757,-0.0274191416275145
758,-0.0274197757608735
759,-0.0274205205274666
760,-0.0274227500132775
761,-0.0274255291884955
762,-0.0274283076720724
763,-0.0274290710424745
764,-0.0274296076814288
765,-0.0274301442829127
766,-0.0274306128945876
767,-0.0274310798867763
768,-0.0274312394715211
769,-0.0274370804914873
770,-0.0274429225409749
771,-0.0274430924172099
772,-0.0274542808493448
773,-0.0274546238405876
774,-0.0274582833312509
775,-0.0274606784602943
776,-0.0274630734010961
777,-0.0274639390129626
778,-0.0274646010884729
779,-0.027464979177542
780,-0.0274665915754823
781,-0.0274682040802569
782,-0.0274696202660419
783,-0.0274710363633359
784,-0.0274730819670961
785,-0.0274740483576418
786,-0.0274766882361666
787,-0.0274844159470809
788,-0.0274921447555869
789,-0.0274954944046286
790,-0.0274971451997437
791,-0.0275005736674474
792,-0.0275040018607917
793,-0.0275105773709868
794,-0.0275125151975778
795,-0.0275142748991462
796,-0.0275160346996175
797,-0.0275173655943602
798,-0.0275208118045927
799,-0.0275248916986916
800,-0.0275289715225413
801,-0.027536758812099
802,-0.0275386256104045
803,-0.0275436095663538
804,-0.0275485930483397
805,-0.0275531894176673
806,-0.0275555740885005
807,-0.0275566666260549
808,-0.0275577591710868
809,-0.0275588562762832
810,-0.0275729290720663
811,-0.0275736239569345
812,-0.0275739495052781
813,-0.0275742750552927
814,-0.0275744554072756
815,-0.0275928841949097
816,-0.0275945997491254
817,-0.02759631507981
818,-0.027597411601685
819,-0.0275985689910134
820,-0.0276009482807819
821,-0.0276033273395405
822,-0.0276106370559088
823,-0.0276179467448943
824,-0.0276187702971182
825,-0.0276245213795487
826,-0.0276302726738419
827,-0.0276315767493483
828,-0.0276339604547113
829,-0.027636708392551
830,-0.0276368531257975
831,-0.0276369866642168
832,-0.0276375229744234
833,-0.02763805927233
834,-0.0276390391955393
835,-0.0276400190681483
836,-0.0276426906356179
837,-0.0276448623253507
838,-0.027646172770467
839,-0.0276474833134455
840,-0.0276475519454409
841,-0.0276476390369203
842,-0.027649319941551
843,-0.0276509319490349
844,-0.0276525439869477
845,-0.0276543214506041
846,-0.0276570682231804
847,-0.0276704580748111
848,-0.0276739414951232
849,-0.0276774248944431
850,-0.0276798882771148
851,-0.0276862421753162
852,-0.0276885426088094
853,-0.0276908427283425
854,-0.027691477184697
855,-0.0276926597700625
856,-0.0276938424165869
857,-0.027694321146601
858,-0.0276943938324159
859,-0.0276949995542152
860,-0.0276956052754887
861,-0.0276963232766431
862,-0.0277022928095005
863,-0.0277024516144299
864,-0.027703138504288
865,-0.0277038252828888
866,-0.0277044527240463
867,-0.0277060575144767
868,-0.0277076623349763
869,-0.0277081293544354
870,-0.0277172831335757
871,-0.0277185663045345
872,-0.0277226229505192
873,-0.0277266793786742
874,-0.0277268377526745
875,-0.0277280318540986
876,-0.0277282031959278
877,-0.0277322883684052
878,-0.027736373990558
879,-0.0277382392773293
880,-0.0277408087742053
881,-0.0277433781004838
882,-0.0277449902925225
883,-0.0277466026025741
884,-0.0277481100979253
885,-0.0277511345959029
886,-0.0277529913756862
887,-0.0277566463836179
888,-0.0277603024249636
889,-0.0277636435885148
890,-0.0277647820830162
891,-0.0277655947514882
892,-0.0277664074663201
893,-0.0277669248080861
894,-0.0277685830661545
895,-0.0277697465924678
896,-0.0277709101582322
897,-0.0277718505849472
898,-0.0277807956101469
899,-0.027788816697522
900,-0.0277928306668207
901,-0.0277934551026625
902,-0.0277942447271836
903,-0.0277952959011557
904,-0.0277963469192466
905,-0.027801587617808
906,-0.0278025513607718
907,-0.0278035149428078
908,-0.0278087698121721
909,-0.0278136065749401
910,-0.0278184434331327
911,-0.0278206305717004
912,-0.0278245106928829
913,-0.0278283910724197
914,-0.0278316002923297
915,-0.0278346815091242
916,-0.0278349201399804
917,-0.0278355436193996
918,-0.0278361670598339
919,-0.0278364138972616
920,-0.0278372409520475
921,-0.0278379747911744
922,-0.027838472599185
923,-0.0278389704389509
924,-0.0278427464966533
925,-0.0278435035377558
926,-0.0278442607595394
927,-0.027857535616
928,-0.0278663308852067
929,-0.0278670115839805
930,-0.0278671517419235
931,-0.0278672405346746
932,-0.0278673642839702
933,-0.0278674880381251
934,-0.0278695852084055
935,-0.0278718820304147
936,-0.0278741787118342
937,-0.027875680629416
938,-0.0278762840029599
939,-0.0278768873760629
940,-0.0278775129922519
941,-0.0278781386377358
942,-0.027878223233498
943,-0.0278782624876444
944,-0.0278844930033131
945,-0.027889273875259
946,-0.0278940547717456
947,-0.0278971862372677
948,-0.02789897128805
949,-0.0279019244081057
950,-0.0279048772150987
951,-0.0279099719756824
952,-0.0279107712026979
953,-0.0279236359044296
954,-0.0279243876389498
955,-0.0279251392215082
956,-0.0279324935815399
957,-0.0279334109723231
958,-0.0279340616270719
959,-0.0279344871255607
960,-0.0279345635370762
961,-0.0279350903787078
962,-0.0279354631244135
963,-0.0279358358522442
964,-0.027941688199669
965,-0.0279475391538764
966,-0.0279479141739975
967,-0.0279500230375258
968,-0.0279521334727311
969,-0.0279531595150749
970,-0.0279551616753214
971,-0.0279571643927747
972,-0.0279597785929662
973,-0.0279605878638506
974,-0.027960955220688
975,-0.0279613225823228
976,-0.027965955172801
977,-0.027966162534896
978,-0.0279670688773789
979,-0.0279702740310717
980,-0.0279734792594842
981,-0.0279760376056211
982,-0.0279771837011756
983,-0.0279781356635278
984,-0.027978232166234
985,-0.027978305383421
986,-0.0279810350465399
987,-0.0279837641686027
988,-0.0279847264786406
989,-0.0279856889466404
990,-0.027988699047101
991,-0.0279909018315333
992,-0.0279927433372111
993,-0.0279929279253045
994,-0.0279931125362936
995,-0.0279944401754908
996,-0.0279957675108191
997,-0.027997493817614
998,-0.0279992206446703
999,-0.0280006577346757
1000,-0.0280020950914253
1001,-0.028002425074131
1002,-0.0280051876378088
1003,-0.0280058202035071
1004,-0.0280072272609834
1005,-0.0280086345728931
1006,-0.028009252996415
1007,-0.0280114787734984
1008,-0.0280117679115355
1009,-0.0280132108751329
1010,-0.0280146538218014
1011,-0.0280152106611733
1012,-0.028016870208754
1013,-0.0280181480870255
1014,-0.0280194260526315
1015,-0.0280222826891104
1016,-0.028022548659742
1017,-0.0280232853585424
1018,-0.0280240221305552
1019,-0.0280250723955041
1020,-0.0280262658194389
1021,-0.0280267890678694
1022,-0.0280273124891764
1023,-0.0280351082365136
1024,-0.0280356739606172
1025,-0.0280436348202546
1026,-0.0280438342955032
1027,-0.028043931342091
1028,-0.0280442450365854
1029,-0.0280445586861227
1030,-0.0280477934353163
1031,-0.0280510280939433
1032,-0.0280523738908933
1033,-0.0280537197029767
1034,-0.0280568223168905
1035,-0.0280576498011355
1036,-0.0280584772723054
1037,-0.0280601054476227
1038,-0.028062006434581
1039,-0.0280650027329149
1040,-0.0280679990645444
1041,-0.0280704209878115
1042,-0.0280706354478158
1043,-0.0280708371097259
1044,-0.0280776228350868
1045,-0.0280804652997139
1046,-0.0280833074645518
1047,-0.0280868376425176
1048,-0.02808827293013
1049,-0.0281010397868731
1050,-0.0281028928868606
1051,-0.0281047458206163
1052,-0.0281112573073675
1053,-0.0281122479820044
1054,-0.0281132386454666
1055,-0.0281141510021948
1056,-0.0281146260432851
1057,-0.0281279359774823
1058,-0.02812847599432
1059,-0.028129377600352
1060,-0.0281316316753624
1061,-0.0281338855578778
1062,-0.0281339844923129
1063,-0.0281358813524851
1064,-0.0281383652978378
1065,-0.0281408485961637
1066,-0.0281412968028211
1067,-0.0281427300756671
1068,-0.0281441634498928
1069,-0.0281442479423245
1070,-0.0281455725991153
1071,-0.0281458134729864
1072,-0.0281460544077843
1073,-0.0281460666257325
1074,-0.0281468456993922
1075,-0.0281480926032971
1076,-0.0281489952037068
1077,-0.0281498977481694
1078,-0.0281516151306033
1079,-0.0281533327206102
1080,-0.0281588031180093
1081,-0.0281642735858141
1082,-0.0281642915047556
1083,-0.0281642997441224
1084,-0.0281647622286397
1085,-0.0281654000272013
1086,-0.0281660380983947
1087,-0.028169788724543
1088,-0.0281699430517655
1089,-0.0281717985909824
1090,-0.0281736543169675
1091,-0.0281741983150213
1092,-0.0281746010025673
1093,-0.0281775056720182
1094,-0.028180560358493
1095,-0.0281836148250866
1096,-0.0281853174037292
1097,-0.0281873118103707
1098,-0.0281893061350518
1099,-0.0281894555016735
1100,-0.0281918801503601
1101,-0.0281932606253198
1102,-0.028195849374031
1103,-0.0281961073709779
1104,-0.0281974020322888
1105,-0.028198696758039
1106,-0.0281995431409693
1107,-0.0282001108298335
1108,-0.0282009229443298
1109,-0.0282017350757005
1110,-0.028203410188151
1111,-0.0282042617771534
1112,-0.028205113371915
1113,-0.0282067276733842
1114,-0.0282076237169017
1115,-0.0282085197662463
1116,-0.0282095288635582
1117,-0.0282105380120875
1118,-0.0282115281809286
1119,-0.0282125184911323
1120,-0.0282145942204196
1121,-0.0282153394454458
1122,-0.0282167269588238
1123,-0.0282173230965036
1124,-0.0282179032266737
1125,-0.0282184833544289
1126,-0.0282193126836199
1127,-0.0282201421803691
1128,-0.0282211440786223
1129,-0.0282222141515827
1130,-0.0282224516776867
1131,-0.0282225481492029
1132,-0.0282226405165661
1133,-0.0282229884992655
1134,-0.0282233364779067
1135,-0.0282237401480421
1136,-0.0282242941207556
1137,-0.0282247399180525
1138,-0.0282251857239014
1139,-0.0282255355502275
1140,-0.028227280510239
1141,-0.0282296502007426
1142,-0.0282320199249801
1143,-0.0282348290501808
1144,-0.0282362499462381
1145,-0.0282375757579326
1146,-0.0282389015907249
1147,-0.0282391451945571
1148,-0.0282394130993409
1149,-0.0282394881492084
1150,-0.0282404646154538
1151,-0.0282407481216814
1152,-0.0282410316220321
1153,-0.0282416102612327
1154,-0.0282421888749461
1155,-0.0282422474782239
1156,-0.0282430205684855
1157,-0.0282434025408485
1158,-0.0282437845072829
1159,-0.0282445068403906
1160,-0.0282446388542064
1161,-0.0282448748888809
1162,-0.0282451109097779
1163,-0.0282454335908324
1164,-0.0282507725843752
1165,-0.0282522924816407
1166,-0.0282560819393939
1167,-0.0282598713744538
1168,-0.028260021496138
1169,-0.0282607636168448
1170,-0.0282610143355808
1171,-0.0282612650506164
1172,-0.0282613935427418
1173,-0.0282626971977226
1174,-0.0282640010435219
1175,-0.0282661827966309
1176,-0.0282675571959629
1177,-0.0282691257625439
1178,-0.0282706944850431
1179,-0.0282727727921853
1180,-0.0282738959930971
1181,-0.0282754451994112
1182,-0.0282769944093866
1183,-0.0282791454235735
1184,-0.0282792297671302
1185,-0.0282793402196322
1186,-0.0282794506723893
1187,-0.0282795770439842
1188,-0.0282821299126694
1189,-0.0282849043986089
1190,-0.0282861779849027
1191,-0.0282874516664893
1192,-0.0282891238370648
1193,-0.0282907961583406
1194,-0.0282915407637168
1195,-0.0282923001477667
1196,-0.0282953840641852
1197,-0.0282990832367329
1198,-0.0283003001004551
1199,-0.0283025846901324
1200,-0.0283048692475966
1201,-0.0283067187329899
1202,-0.0283085684077629
1203,-0.0283100203707582
1204,-0.0283106521617051
1205,-0.0283111649677103
1206,-0.0283116777941189
1207,-0.0283121176848955
1208,-0.0283123185202102
1209,-0.0283126660194488
1210,-0.0283130135194436
1211,-0.0283132316070252
1212,-0.0283173655732526
1213,-0.0283224436567627
1214,-0.0283261402890706
1215,-0.0283298368887824
1216,-0.0283310476190269
1217,-0.0283322583344067
1218,-0.0283333223870537
1219,-0.0283337964617709
1220,-0.0283356600048143
1221,-0.0283369263909862
1222,-0.0283373346423847
1223,-0.0283377429110798
1224,-0.0283380619957574
1225,-0.0283383749093675
1226,-0.0283388346729303
1227,-0.0283392944397739
1228,-0.0283397456562371
1229,-0.0283404377903717
1230,-0.0283411299216848
1231,-0.028341473631845
1232,-0.0283422363157447
1233,-0.0283429363534827
1234,-0.0283436364152423
1235,-0.0283444995665166
1236,-0.0283469841480689
1237,-0.0283475324639745
1238,-0.0283480807115908
1239,-0.0283487782229208
1240,-0.028348893299175
1241,-0.0283493413065585
1242,-0.0283573956039078
1243,-0.0283575676778848
1244,-0.0283579675709561
1245,-0.0283583673890275
1246,-0.0283588712842481
1247,-0.0283593750882562
1248,-0.0283640798075635
1249,-0.0283647697463904
1250,-0.0283654595723903
1251,-0.0283658614754209
1252,-0.028366209243982
1253,-0.0283668440359463
1254,-0.0283715975589125
1255,-0.0283763498722963
1256,-0.0283769875029712
1257,-0.0283776659998686
1258,-0.0283783449763983
1259,-0.0283852272957522
1260,-0.0283853769496182
1261,-0.0283875469365327
1262,-0.0283900394258468
1263,-0.02839271748813
1264,-0.0283953948756834
1265,-0.0283968027937634
1266,-0.0283982120229446
1267,-0.0283983551341871
1268,-0.0283992667232658
1269,-0.0284001782870011
1270,-0.0284022232226692
1271,-0.0284045136611005
1272,-0.0284068041015386
1273,-0.0284075430860736
1274,-0.0284093387200932
1275,-0.0284107688825917
1276,-0.0284111820285476
1277,-0.028411595163486
1278,-0.0284125227401579
1279,-0.028413555152116
1280,-0.0284145875655751
1281,-0.0284152305640073
1282,-0.0284159535055762
1283,-0.0284164835292918
1284,-0.0284174447946973
1285,-0.0284174898660969
1286,-0.0284189376733266
1287,-0.0284199380218082
1288,-0.0284209382130887
1289,-0.0284224669667588
1290,-0.0284239954325204
1291,-0.0284247378446912
1292,-0.0284254008972007
1293,-0.0284260642011859
1294,-0.0284276791440023
1295,-0.0284277526952117
1296,-0.0284279327369647
1297,-0.0284280895778031
1298,-0.0284282464248646
1299,-0.0284284195491238
1300,-0.0284286213251594
1301,-0.0284288346618652
1302,-0.0284293046467524
1303,-0.0284297747027413
1304,-0.0284301983072299
1305,-0.0284306219175931
1306,-0.0284312487631469
1307,-0.0284318965582379
1308,-0.0284331964298471
1309,-0.0284372554679891
1310,-0.0284383666350616
1311,-0.0284394777209966
1312,-0.0284423682744153
1313,-0.0284430651529754
1314,-0.0284439852625762
1315,-0.0284449053488585
1316,-0.0284458362537693
1317,-0.0284467672749882
1318,-0.028447114878697
1319,-0.0284473560341431
1320,-0.0284477631704536
1321,-0.0284482984019906
1322,-0.0284488336330585
1323,-0.028449116377098
1324,-0.0284499349587195
1325,-0.0284507534673749
1326,-0.028451033610331
1327,-0.028451185761789
1328,-0.0284514057023421
1329,-0.0284520179123733
1330,-0.0284528048616472
1331,-0.0284535918267909
1332,-0.0284536874282551
1333,-0.0284547771721659
1334,-0.0284558670637453
1335,-0.028455932390193
1336,-0.0284575857056059
1337,-0.0284587062492647
1338,-0.0284600952965218
1339,-0.0284614227664328
1340,-0.0284627530734185
1341,-0.028464083533093
1342,-0.0284644726583486
1343,-0.028464861820937
1344,-0.0284655579790583
1345,-0.0284662541474628
1346,-0.028466673447203
1347,-0.0284673106878291
1348,-0.0284689271050822
1349,-0.0284707559581035
1350,-0.0284725847555341
1351,-0.0284738952857533
1352,-0.0284743389051032
1353,-0.0284751638486168
1354,-0.0284757386242305
1355,-0.0284763133978336
1356,-0.0284782457756266
1357,-0.0284795026032287
1358,-0.0284805415949581
1359,-0.0284815806069253
1360,-0.0284821456760788
1361,-0.0284828751110197
1362,-0.0284836045361513
1363,-0.0284842972006787
1364,-0.0284869592740252
1365,-0.0284872062490277
1366,-0.0284874532105979
1367,-0.0284954466284198
1368,-0.0284956810785006
1369,-0.0284998674720726
1370,-0.0285025791391645
1371,-0.0285052905523808
1372,-0.0285085352118885
1373,-0.0285094123397112
1374,-0.0285107535405753
1375,-0.0285120946922692
1376,-0.0285143240502228
1377,-0.0285149882215002
1378,-0.0285171267409142
1379,-0.0285176589438938
1380,-0.0285178198697363
1381,-0.0285180703842623
1382,-0.0285183208864264
1383,-0.0285185616130809
1384,-0.0285188023266609
1385,-0.0285190863702596
1386,-0.0285199421480235
1387,-0.0285207979080776
1388,-0.0285213559886652
1389,-0.0285243163794143
1390,-0.0285253747874789
1391,-0.0285264331964646
1392,-0.0285265054234342
1393,-0.0285269199206311
1394,-0.0285269745168529
1395,-0.0285270319643637
1396,-0.0285276336651881
1397,-0.0285282352128539
1398,-0.0285286003651829
1399,-0.0285289655255417
1400,-0.0285321483862295
1401,-0.0285324409452829
1402,-0.0285331104920186
1403,-0.0285337799863139
1404,-0.0285345048850281
1405,-0.0285354311931959
1406,-0.0285364588930662
1407,-0.0285374866356925
1408,-0.0285381719938133
1409,-0.0285386009947273
1410,-0.0285393377739636
1411,-0.0285399628473234
1412,-0.0285405880559808
1413,-0.0285415617467619
1414,-0.0285426168599995
1415,-0.0285436719678644
1416,-0.0285439166512883
1417,-0.0285440625725049
1418,-0.0285473951386472
1419,-0.0285499433966904
1420,-0.0285524916830932
1421,-0.0285557492560332
1422,-0.0285566602326447
1423,-0.0285576791142827
1424,-0.0285586981274104
1425,-0.0285590592203604
1426,-0.0285597950389623
1427,-0.0285601320875835
1428,-0.0285604690852118
1429,-0.0285620575345169
1430,-0.0285621094633542
1431,-0.0285641061818492
1432,-0.0285641716607032
1433,-0.0285681079467695
1434,-0.0285738421665515
1435,-0.0285751463253408
1436,-0.0285764503337365
1437,-0.0285766963423379
1438,-0.0285768683302695
1439,-0.0285770402828565
1440,-0.0285780886322621
1441,-0.0285806287737213
1442,-0.0285831686806768
1443,-0.0285836571421646
1444,-0.0285866585694584
1445,-0.0285888788983671
1446,-0.0285905324680526
1447,-0.0285921861639511
1448,-0.0285926092628861
1449,-0.0285930322964725
1450,-0.0285933813018219
1451,-0.0285942494386738
1452,-0.0285951176394892
1453,-0.0285951626140096
1454,-0.0285956241314602
1455,-0.0285960857969464
1456,-0.0285969209316882
1457,-0.0285981436189126
1458,-0.0285985317151884
1459,-0.0285989199782702
1460,-0.0285989389871982
1461,-0.0285993962893883
1462,-0.028599853599723
1463,-0.0286002670313779
1464,-0.0286006265409759
1465,-0.0286009860577135
1466,-0.0286015166504312
1467,-0.0286020184763709
1468,-0.0286037148691254
1469,-0.0286044325052105
1470,-0.0286051501547906
1471,-0.0286056242912089
1472,-0.0286057121579837
1473,-0.0286058104918641
1474,-0.0286070156918599
1475,-0.0286076094367617
1476,-0.0286082031609023
1477,-0.0286092052849575
1478,-0.0286093770371835
1479,-0.0286095487959147
1480,-0.0286102052565953
1481,-0.0286108616989303
1482,-0.0286119436080001
1483,-0.028613025778836
1484,-0.0286144454478298
1485,-0.0286145353727078
1486,-0.0286146587258742
1487,-0.0286152459935221
1488,-0.0286152636964572
1489,-0.0286152765693009
1490,-0.0286153982429178
1491,-0.0286155297805763
1492,-0.0286157499607047
1493,-0.0286159701182906
1494,-0.0286163294315224
1495,-0.0286164940989139
1496,-0.0286166587517335
1497,-0.0286167985908147
1498,-0.0286180791318857
1499,-0.0286193598384003
1500,-0.028620663958583
1501,-0.0286217184351474
1502,-0.0286221297297982
1503,-0.0286230678347107
1504,-0.0286240059368725
1505,-0.0286256576047637
1506,-0.0286290773008614
1507,-0.0286295449368918
1508,-0.0286295792955261
1509,-0.0286296744609677
1510,-0.0286299505198264
1511,-0.0286302265705483
1512,-0.0286303437693248
1513,-0.0286309832929757
1514,-0.0286339468988165
1515,-0.0286342324453398
1516,-0.0286355524850089
1517,-0.0286368724816329
1518,-0.0286370882909059
1519,-0.0286373040848755
1520,-0.0286373730481564
1521,-0.028638118652279
1522,-0.0286382811211855
1523,-0.0286384834287565
1524,-0.0286387678431397
1525,-0.0286390522932475
1526,-0.0286391233044888
1527,-0.0286397628410019
1528,-0.0286404024081844
1529,-0.0286417552864916
1530,-0.0286427680884936
1531,-0.0286430409809871
1532,-0.0286433138759717
1533,-0.0286437494437577
1534,-0.0286442006362557
1535,-0.0286446518460075
1536,-0.0286452254431599
1537,-0.0286457990380422
1538,-0.0286473829070722
1539,-0.0286489667199056
1540,-0.0286497626447703
1541,-0.0286519994134441
1542,-0.0286521075903845
1543,-0.0286529369104141
1544,-0.0286537664086943
1545,-0.0286540790841334
1546,-0.0286556421838757
1547,-0.0286560627195852
1548,-0.0286564832951865
1549,-0.0286572277310017
1550,-0.0286576672894663
1551,-0.0286580890561691
1552,-0.0286585933224941
1553,-0.028659097592002
1554,-0.0286601095660483
1555,-0.0286601709970387
1556,-0.028660312046702
1557,-0.028660453078433
1558,-0.028660566885165
1559,-0.0286615818872202
1560,-0.0286619380635685
1561,-0.028662294248104
1562,-0.0286626202025492
1563,-0.0286630165685929
1564,-0.0286634129249541
1565,-0.028663712574815
1566,-0.0286663944974403
1567,-0.0286680310424867
1568,-0.0286696675948833
1569,-0.0286719732488737
1570,-0.0286737193230817
1571,-0.0286754654469755
1572,-0.0286765484682948
1573,-0.0286773220168342
1574,-0.0286783873027459
1575,-0.0286831307564872
1576,-0.0286832226230106
1577,-0.0286833144934625
1578,-0.0286836422956191
1579,-0.028686285630754
1580,-0.0286863244997093
1581,-0.0286864259935595
1582,-0.0286868281177794
1583,-0.0286872302453793
1584,-0.0286912568696929
1585,-0.0286932455000564
1586,-0.0286952336987907
1587,-0.028695905414824
1588,-0.0286963279935628
1589,-0.0286967505799287
1590,-0.0286974604144534
1591,-0.0286980135374247
1592,-0.0286991135260334
1593,-0.0287002135636712
1594,-0.0287009396072088
1595,-0.0287016656986996
1596,-0.0287017330274309
1597,-0.0287024658139137
1598,-0.0287035577752584
1599,-0.0287036336429373
1600,-0.0287048945771394
1601,-0.0287061553922388
1602,-0.0287066078013589
1603,-0.02870706065518
1604,-0.0287070945700649
1605,-0.0287072172649068
1606,-0.0287073399616467
1607,-0.0287073939022718
1608,-0.0287076579634637
1609,-0.0287077698931711
1610,-0.0287079781208901
1611,-0.0287081863232878
1612,-0.0287083951421062
1613,-0.0287086039549486
1614,-0.0287087858547354
1615,-0.0287089007206957
1616,-0.0287098621429642
1617,-0.0287099983169184
1618,-0.0287100655156398
1619,-0.028710998449836
1620,-0.0287115208472269
1621,-0.0287120432207865
1622,-0.0287139904584772
1623,-0.0287154058365997
1624,-0.028716820909629
1625,-0.0287181502257118
1626,-0.028718618218577
1627,-0.028719086520493
1628,-0.0287197045881907
1629,-0.0287203831514737
1630,-0.0287210619173021
1631,-0.0287215327377198
1632,-0.0287216776117426
1633,-0.0287223920847881
1634,-0.0287227602649228
1635,-0.0287236467482895
1636,-0.0287245332979439
1637,-0.0287259880190312
1638,-0.0287269702203299
1639,-0.028727952444119
1640,-0.0287290227344455
1641,-0.02872939017803
1642,-0.0287295918718134
1643,-0.0287298167468262
1644,-0.028730001382624
1645,-0.0287301860238338
1646,-0.0287309484279476
1647,-0.0287329219055939
1648,-0.0287339546404371
1649,-0.0287349873792926
1650,-0.0287373144900595
1651,-0.0287376448298948
1652,-0.0287378332097709
1653,-0.028740895131623
1654,-0.0287410705915311
1655,-0.0287412460636686
1656,-0.0287412556072565
1657,-0.0287417449201396
1658,-0.0287422342277839
1659,-0.0287425335917633
1660,-0.0287439484812548
1661,-0.0287453079042266
1662,-0.0287466670325053
1663,-0.0287473884056199
1664,-0.0287474076969913
1665,-0.0287481932032811
1666,-0.0287489785610746
1667,-0.0287489929928458
1668,-0.0287499184215841
1669,-0.0287508439547856
1670,-0.0287511609582662
1671,-0.0287512316584962
1672,-0.0287514004684586
1673,-0.0287535448759486
1674,-0.0287542820965712
1675,-0.0287550191185722
1676,-0.0287553515461698
1677,-0.028755926021487
1678,-0.0287565003034734
1679,-0.0287569927477669
1680,-0.0287571849047269
1681,-0.0287589243242014
1682,-0.0287595808918331
1683,-0.0287604469805529
1684,-0.0287613127206676
1685,-0.0287615062397383
1686,-0.0287627228894095
1687,-0.0287639400067308
1688,-0.0287642923722467
1689,-0.0287646447660216
1690,-0.028765657772291
1691,-0.0287658935796857
1692,-0.0287665811431899
1693,-0.0287667306505233
1694,-0.0287668635771456
1695,-0.0287670875202304
1696,-0.0287673114162191
1697,-0.0287675650975915
1698,-0.0287683318114889
1699,-0.0287690567335359
1700,-0.0287697817161692
1701,-0.0287706346007204
1702,-0.0287709732411769
1703,-0.0287713119144191
1704,-0.0287719097578581
1705,-0.0287723986164463
1706,-0.0287728874311464
1707,-0.0287732551904441
1708,-0.0287736123115964
1709,-0.0287739694569025
1710,-0.02877443539356
1711,-0.0287747656243182
1712,-0.028775095868965
1713,-0.0287753213572024
1714,-0.0287757939024132
1715,-0.0287762865769151
1716,-0.0287767977643248
1717,-0.028777308959773
1718,-0.028778143983414
1719,-0.0287787868729301
1720,-0.0287794297289634
1721,-0.0287809398779988
1722,-0.0287812570780435
1723,-0.0287815743415427
1724,-0.0287819560024883
1725,-0.0287824313475607
1726,-0.0287829066914387
1727,-0.0287841683490237
1728,-0.0287846763458953
1729,-0.028785184342353
1730,-0.0287852512308353
1731,-0.0287855081597165
1732,-0.0287855631959429
1733,-0.0287856896395302
1734,-0.0287858208482634
1735,-0.0287858817203655
1736,-0.028786016327548
1737,-0.0287861509387347
1738,-0.0287863426328299
1739,-0.0287865122386985
1740,-0.0287866818463748
1741,-0.0287868642561674
1742,-0.0287870337756518
1743,-0.0287877541634975
1744,-0.0287884744963075
1745,-0.0287890142637458
1746,-0.0287896521803091
1747,-0.0287899500807487
1748,-0.028790247938996
1749,-0.0287904221924692
1750,-0.0287942298735607
1751,-0.028794746287677
1752,-0.0287954477236991
1753,-0.0287961491113032
1754,-0.0287973342225592
1755,-0.0287976689151963
1756,-0.0287980036315094
1757,-0.028798108890856
1758,-0.0287986245579344
1759,-0.028799140137854
1760,-0.0287993682542118
1761,-0.0288019585951437
1762,-0.0288020571452519
1763,-0.0288027475239165
1764,-0.0288036524971244
1765,-0.0288051811292541
1766,-0.0288067091142451
1767,-0.0288075848653628
1768,-0.0288084613034581
1769,-0.0288086815669793
1770,-0.0288092132250585
1771,-0.0288097449168879
1772,-0.0288098784120546
1773,-0.0288103116208393
1774,-0.0288108269783409
1775,-0.0288113423440121
1776,-0.0288114020684199
1777,-0.0288118228964197
1778,-0.0288122077842087
1779,-0.0288125927174787
1780,-0.0288128304235369
1781,-0.0288135116610059
1782,-0.0288136304052718
1783,-0.0288137491631461
1784,-0.0288138200361328
1785,-0.0288139879618216
1786,-0.0288142701160499
1787,-0.0288145124453483
1788,-0.0288148327556965
1789,-0.028815153057141
1790,-0.028816038437584
1791,-0.0288164536096387
1792,-0.028817081032999
1793,-0.0288175364826186
1794,-0.0288179919179219
1795,-0.0288184721416115
1796,-0.0288188871469788
1797,-0.0288193021399072
1798,-0.0288220332497481
1799,-0.0288241061388698
1800,-0.0288254881698619
1801,-0.0288268701937015
1802,-0.0288279402240825
1803,-0.0288282152498121
1804,-0.0288290392880412
1805,-0.028829530319039
1806,-0.0288300213444834
1807,-0.0288302417606412
1808,-0.028830532281776
1809,-0.0288308743296018
1810,-0.0288312163679626
1811,-0.0288315541624644
1812,-0.0288319426878456
1813,-0.0288323312217793
1814,-0.02883272924152
1815,-0.0288331038618331
1816,-0.0288334784896161
1817,-0.0288336096495566
1818,-0.0288344285060173
1819,-0.028834782488127
1820,-0.0288351364584285
1821,-0.0288354936927729
1822,-0.0288355464239136
1823,-0.0288356234741948
1824,-0.028835700524388
1825,-0.0288357524136189
1826,-0.0288358626031178
1827,-0.0288360041747812
1828,-0.0288361457274495
1829,-0.0288373396935987
1830,-0.0288380440876388
1831,-0.0288392938403841
1832,-0.0288405437652781
1833,-0.0288411943097958
1834,-0.0288418448278911
1835,-0.0288424120193093
1836,-0.0288424466370545
1837,-0.0288428900286673
1838,-0.0288437790041385
1839,-0.0288441779979642
1840,-0.0288445770155315
1841,-0.0288447802475626
1842,-0.0288450015516621
1843,-0.0288451082411152
1844,-0.0288470408022199
1845,-0.0288472618288354
1846,-0.0288474828518987
1847,-0.0288488064607586
1848,-0.0288500130840435
1849,-0.0288512195812367
1850,-0.0288520250035619
1851,-0.0288525628579143
1852,-0.0288531007372911
1853,-0.0288536307938093
1854,-0.028854126236726
1855,-0.0288548280925454
1856,-0.028855529983464
1857,-0.0288557216099377
1858,-0.0288568345891569
1859,-0.0288571994447357
1860,-0.0288575643016925
1861,-0.0288578093396623
1862,-0.0288580095561955
1863,-0.0288582001816109
1864,-0.028858390788573
1865,-0.0288585203344816
1866,-0.0288627231301267
1867,-0.0288628931289955
1868,-0.0288630155285001
1869,-0.0288631378780729
1870,-0.0288632592832423
1871,-0.0288641635379365
1872,-0.0288650677652454
1873,-0.0288655587196654
1874,-0.0288658839486137
1875,-0.0288660295766216
1876,-0.0288670180864327
1877,-0.0288672107282623
1878,-0.0288674033883018
1879,-0.0288692134280521
1880,-0.0288696499554634
1881,-0.0288700096353261
1882,-0.0288703692955847
1883,-0.0288707095217284
1884,-0.0288725661891482
1885,-0.0288744219126532
1886,-0.0288752020035265
1887,-0.0288759819186272
1888,-0.0288775359683642
1889,-0.0288780738183878
1890,-0.0288784700384968
1891,-0.0288788667148167
1892,-0.028879037623167
1893,-0.0288791607111738
1894,-0.028879341672082
1895,-0.0288794030765793
1896,-0.028879473912586
1897,-0.0288799942007636
1898,-0.0288805150629336
1899,-0.0288805448367635
1900,-0.0288808051054655
1901,-0.028881065384199
1902,-0.0288815745425218
1903,-0.0288819189496977
1904,-0.0288824159296399
1905,-0.0288827509779446
1906,-0.0288830860616978
1907,-0.0288836851100171
1908,-0.0288844252007056
1909,-0.0288850279009348
1910,-0.0288851157207266
1911,-0.0288856244781866
1912,-0.0288861332050761
1913,-0.0288865384996609
1914,-0.0288869438139999
1915,-0.0288875134545952
1916,-0.0288877070642345
1917,-0.0288879006784425
1918,-0.0288882712036985
1919,-0.0288886417882161
1920,-0.0288886879917877
1921,-0.0288888866318166
1922,-0.0288894507714293
1923,-0.0288900149129399
1924,-0.0288906023333138
1925,-0.0288910182277357
1926,-0.0288914161279037
1927,-0.0288919315362573
1928,-0.028892446972527
1929,-0.0288927195812014
1930,-0.0288930606464489
1931,-0.0288932373860164
1932,-0.0288934890678387
1933,-0.0288937407527339
1934,-0.0288940511589724
1935,-0.0288943148761099
1936,-0.0288945785955436
1937,-0.0288953256526539
1938,-0.0288956724051818
1939,-0.0288979392715916
1940,-0.0288987931782269
1941,-0.0288996469749746
1942,-0.0289004909386806
1943,-0.0289013347350038
1944,-0.0289016176895578
1945,-0.0289018076785679
1946,-0.0289021468734885
1947,-0.0289021598348002
1948,-0.0289023683779442
1949,-0.0289025768454906
1950,-0.0289052728014954
1951,-0.028906066683615
1952,-0.0289068605796493
1953,-0.0289070437748135
1954,-0.0289071066081634
1955,-0.0289081121546791
1956,-0.0289091177100355
1957,-0.028911657464193
1958,-0.0289117350395791
1959,-0.028912433265426
1960,-0.028913131620728
1961,-0.0289134729226962
1962,-0.0289139169909872
1963,-0.0289143611209335
1964,-0.0289147975045817
1965,-0.0289153157654507
1966,-0.0289154918778601
1967,-0.0289156411610048
1968,-0.0289157904494613
1969,-0.0289163948812627
1970,-0.0289169992593471
1971,-0.0289176117476636
1972,-0.028918099633715
1973,-0.0289181547635953
1974,-0.028918670673499
1975,-0.0289191865824588
1976,-0.0289196351700178
1977,-0.0289200846367763
1978,-0.0289208928576515
1979,-0.0289209120984964
1980,-0.0289209445120521
1981,-0.0289214347781266
1982,-0.0289216795492518
1983,-0.0289219243330554
1984,-0.0289224904602835
1985,-0.0289229223673706
1986,-0.0289233542734844
1987,-0.0289245724174683
1988,-0.0289249681438518
1989,-0.0289253638729477
1990,-0.0289255005010318
1991,-0.0289258405334635
1992,-0.02892618058113
1993,-0.0289264108342341
1994,-0.0289267187365947
1995,-0.0289269795617298
1996,-0.028927240402881
1997,-0.0289273884545957
1998,-0.0289275463801195
1999,-0.0289276485720794
2000,-0.0289277507653021
2001,-0.0289278461764959
2002,-0.0289279795935926
2003,-0.028928113013428
2004,-0.0289282885699955
2005,-0.0289283800005385
2006,-0.0289288490313855
2007,-0.0289301026192304
2008,-0.0289305162596617
2009,-0.0289309298281491
2010,-0.0289339194027078
2011,-0.0289340050213738
2012,-0.0289353020162388
2013,-0.0289355481047726
2014,-0.028935846155809
2015,-0.0289361441930431
2016,-0.0289367375466213
2017,-0.0289373307289889
2018,-0.0289374767699714
2019,-0.0289375428231525
2020,-0.0289375825120103
2021,-0.0289376364872212
2022,-0.0289380498283016
2023,-0.0289384631371635
2024,-0.028938498069997
2025,-0.0289394598601708
2026,-0.0289395391533558
2027,-0.0289396184634298
2028,-0.0289401921734054
2029,-0.0289402355077795
2030,-0.0289406699875403
2031,-0.0289411044679454
2032,-0.0289415322315381
2033,-0.0289418602585249
2034,-0.0289421882267773
2035,-0.0289432103880926
2036,-0.0289440704301948
2037,-0.0289445455488554
2038,-0.028945020614567
2039,-0.028946880583453
2040,-0.0289487405665778
2041,-0.0289495555628687
2042,-0.0289500603442643
2043,-0.0289501910613511
2044,-0.0289504736027
2045,-0.0289507561525659
2046,-0.0289508003650385
2047,-0.0289511533569469
2048,-0.0289515569630761
2049,-0.0289519605619618
2050,-0.0289520527370855
2051,-0.0289525815336587
2052,-0.02895300670703
2053,-0.0289534318553625
2054,-0.0289535671929461
2055,-0.0289536709781837
2056,-0.0289537747575431
2057,-0.0289542870679379
2058,-0.0289543539855644
2059,-0.0289549063734508
2060,-0.0289554587787547
2061,-0.0289558363808211
2062,-0.028955889557882
2063,-0.0289560744985181
2064,-0.0289562594400835
2065,-0.0289567473581498
2066,-0.028957054918344
2067,-0.0289573624951384
2068,-0.02895753893761
2069,-0.0289577153903105
2070,-0.0289581053482978
2071,-0.0289589433421945
2072,-0.0289590059586695
2073,-0.0289593491659867
2074,-0.028959510478346
2075,-0.0289600923797025
2076,-0.028960674257603
2077,-0.0289609323259733
2078,-0.0289611904408588
2079,-0.0289614283684912
2080,-0.028961579805162
2081,-0.0289618521845596
2082,-0.0289622634977039
2083,-0.0289625961341036
2084,-0.02896292877818
2085,-0.0289634149085688
2086,-0.028963901030396
2087,-0.0289643598656361
2088,-0.0289645760188728
2089,-0.0289649278260976
2090,-0.0289652796497406
2091,-0.0289656250955578
2092,-0.0289664430512659
2093,-0.0289666301294188
2094,-0.0289669188281867
2095,-0.028967207549675
2096,-0.0289674955304359
2097,-0.0289678471522905
2098,-0.0289680267048159
2099,-0.0289680553089205
2100,-0.0289682612571367
2101,-0.0289684672065864
2102,-0.0289701654278385
2103,-0.0289704182659391
2104,-0.0289706614858413
2105,-0.0289709046982289
2106,-0.0289723240309493
2107,-0.028973960991874
2108,-0.0289740866487766
2109,-0.0289744268439299
2110,-0.0289747670502146
2111,-0.0289758044552392
2112,-0.0289762998993243
2113,-0.0289810152108375
2114,-0.028981086489748
2115,-0.028983249641885
2116,-0.0289837576268475
2117,-0.0289842655249691
2118,-0.028984327881732
2119,-0.0289844347634546
2120,-0.0289845415755391
2121,-0.0289848311989301
2122,-0.0289851207642487
2123,-0.028985142616216
2124,-0.028986094397117
2125,-0.0289861131252256
2126,-0.0289866488651018
2127,-0.0289871846211523
2128,-0.0289875270860595
2129,-0.028987789894861
2130,-0.0289883649126506
2131,-0.0289887806329233
2132,-0.0289895890154827
2133,-0.0289903974008857
2134,-0.0289906225709584
2135,-0.0289911636195705
2136,-0.028991704306304
2137,-0.0289924490723251
2138,-0.0289931738967803
2139,-0.0289938990261689
2140,-0.02899397190181
2141,-0.0289941397840065
2142,-0.0289943076617225
2143,-0.0289946334732984
2144,-0.0289950825506888
2145,-0.0289953564848553
2146,-0.0289956303972031
2147,-0.0289967089719685
2148,-0.0289971563243518
2149,-0.0289976036286699
2150,-0.0289976235200266
2151,-0.0289978829063216
2152,-0.0289990363151868
2153,-0.028999427409564
2154,-0.0289998185464601
2155,-0.0290001144554887
2156,-0.029000395769326
2157,-0.0290006771119475
2158,-0.0290015447529507
2159,-0.0290015622437295
2160,-0.0290023569212117
2161,-0.0290031516429956
2162,-0.029003386692932
2163,-0.0290036217405904
2164,-0.0290039708024333
2165,-0.0290042637344755
2166,-0.0290043524722627
2167,-0.0290044810720777
2168,-0.0290046353113565
2169,-0.0290047895518062
2170,-0.029004991368584
2171,-0.0290054538812514
2172,-0.0290056191417859
2173,-0.0290057843923618
2174,-0.0290058991415799
2175,-0.0290060028430715
2176,-0.0290062156054312
2177,-0.0290064283818976
2178,-0.0290070792643736
2179,-0.0290072182928349
2180,-0.0290073573049123
2181,-0.0290075424199286
2182,-0.0290078304743046
2183,-0.0290078865596369
2184,-0.0290082468859878
2185,-0.029008607239402
2186,-0.0290091033077319
2187,-0.0290093203830601
2188,-0.0290095374324465
2189,-0.0290097101721361
2190,-0.0290098087335397
2191,-0.0290102020870863
2192,-0.0290105955442986
2193,-0.0290106774748912
2194,-0.0290108395730148
2195,-0.0290108825723942
2196,-0.0290111730361662
2197,-0.0290117996970988
2198,-0.0290124263458684
2199,-0.0290130964005252
2200,-0.0290136490497968
2201,-0.0290139005918459
2202,-0.0290141521509493
2203,-0.029014765066734
2204,-0.0290153767415189
2205,-0.0290162331350696
2206,-0.0290170895079454
2207,-0.0290174819783822
2208,-0.0290182096439113
2209,-0.0290184945403571
2210,-0.0290187846829882
2211,-0.0290190748216532
2212,-0.0290202574772193
2213,-0.0290203602676879
2214,-0.029020645010124
2215,-0.0290209297490296
2216,-0.0290212613695156
2217,-0.0290224530333995
2218,-0.0290226851558762
2219,-0.0290227611172945
2220,-0.0290229474803823
2221,-0.0290231607849933
2222,-0.0290233740944061
2223,-0.0290240362156786
2224,-0.0290241285849278
2225,-0.0290244199205738
2226,-0.0290247112438448
2227,-0.0290248809294724
2228,-0.0290250372991447
2229,-0.0290251936539633
2230,-0.0290252260750403
2231,-0.0290255575246371
2232,-0.0290258889614014
2233,-0.0290259230120867
2234,-0.0290260479024371
2235,-0.02902617279285
2236,-0.0290262261638525
2237,-0.0290262923257246
2238,-0.0290264353415751
2239,-0.029026758367127
2240,-0.0290271911468613
2241,-0.0290276239377036
2242,-0.0290279558806267
2243,-0.0290279889746769
2244,-0.0290292537076579
2245,-0.0290294494427478
2246,-0.0290298971475794
2247,-0.0290303448681546
2248,-0.0290305865717784
2249,-0.029030627083612
2250,-0.0290312539638358
2251,-0.0290318808905216
2252,-0.0290321247652162
2253,-0.0290323686262136
2254,-0.0290325145024446
2255,-0.0290335186239195
2256,-0.0290337159044759
2257,-0.0290339131899277
2258,-0.0290341043493684
2259,-0.0290341809233434
2260,-0.029034365617905
2261,-0.0290345502557371
2262,-0.0290345732378577
2263,-0.0290346944042453
2264,-0.029034815559767
2265,-0.0290351678493814
2266,-0.0290355201338624
2267,-0.0290362086297861
2268,-0.0290364498822649
2269,-0.0290366911349733
2270,-0.029037167229751
2271,-0.0290375313506479
2272,-0.0290378956208841
2273,-0.0290384915847899
2274,-0.0290388903038786
2275,-0.0290389204629661
2276,-0.0290393039126741
2277,-0.0290395802280904
2278,-0.0290399803202038
2279,-0.0290403692640879
2280,-0.0290407582258633
2281,-0.0290408617842538
2282,-0.0290409340521967
2283,-0.0290410560822236
2284,-0.0290411781135794
2285,-0.0290413406512013
2286,-0.0290417116543099
2287,-0.0290420826656114
2288,-0.0290423666946279
2289,-0.0290426731161251
2290,-0.0290428642871357
2291,-0.0290432081578945
2292,-0.0290435520286666
2293,-0.0290442291781129
2294,-0.029044904598707
2295,-0.0290453353162615
2296,-0.0290457660530258
2297,-0.029045924111996
2298,-0.0290460821997637
2299,-0.029046423964701
2300,-0.0290471580136667
2301,-0.0290481385281842
2302,-0.0290485899029169
2303,-0.0290490412717134
2304,-0.0290498459287698
2305,-0.0290506505842443
2306,-0.0290510746537322
2307,-0.0290513674565272
2308,-0.029051618980166
2309,-0.0290518705115499
2310,-0.0290519858392208
2311,-0.029052212382189
2312,-0.0290525050178369
2313,-0.0290527122937004
2314,-0.0290529195674083
2315,-0.0290530465050629
2316,-0.0290532452043533
2317,-0.0290534438997048
2318,-0.0290537113405678
2319,-0.0290538935222946
2320,-0.0290540757097621
2321,-0.0290543685423584
2322,-0.0290544794981851
2323,-0.0290546082707396
2324,-0.0290550018006089
2325,-0.029055178374651
2326,-0.0290553549459906
2327,-0.0290553879025717
2328,-0.029055440975509
2329,-0.0290556075505827
2330,-0.0290567468325105
2331,-0.0290577599670948
2332,-0.0290578919929646
2333,-0.0290580240153363
2334,-0.0290593834552506
2335,-0.0290595693928895
2336,-0.0290597553252224
2337,-0.0290598964672667
2338,-0.0290602697671344
2339,-0.0290605946551347
2340,-0.0290609195286345
2341,-0.0290616230062935
2342,-0.0290616782372694
2343,-0.0290618487419158
2344,-0.0290620192422995
2345,-0.0290626100060306
2346,-0.0290632007986621
2347,-0.0290637727755487
2348,-0.0290644528352882
2349,-0.0290651328442872
2350,-0.0290657265665234
2351,-0.0290667450565618
2352,-0.0290671491526921
2353,-0.0290675532496637
2354,-0.0290676759995311
2355,-0.0290683798423179
2356,-0.0290687496030026
2357,-0.0290691193696357
2358,-0.0290692900516891
2359,-0.0290693503722633
2360,-0.0290695960246648
2361,-0.0290700784725981
2362,-0.029070226138618
2363,-0.029070373818472
2364,-0.0290705199825927
2365,-0.0290706661474426
2366,-0.0290707140023712
2367,-0.0290707823196445
2368,-0.0290708315281311
2369,-0.029070997733542
2370,-0.0290711639432136
2371,-0.0290713672927191
2372,-0.0290716501885036
2373,-0.02907289967757
2374,-0.02907320609197
2375,-0.0290735124812361
2376,-0.0290750899285454
2377,-0.0290752113387012
2378,-0.0290752198788268
2379,-0.0290762619730466
2380,-0.0290773040857106
2381,-0.0290773986800515
2382,-0.029079476671381
2383,-0.0290795528199352
2384,-0.0290796289607805
2385,-0.0290806110122644
2386,-0.0290815931371919
2387,-0.0290821056176884
2388,-0.0290823703806031
2389,-0.0290826350638564
2390,-0.0290826430496605
2391,-0.0290827428407691
2392,-0.0290827477951272
2393,-0.0290827616674105
2394,-0.0290829427571599
2395,-0.0290831996943667
2396,-0.0290834566316958
2397,-0.0290835841319311
2398,-0.0290847197524196
2399,-0.0290847624410844
2400,-0.0290851586971009
2401,-0.0290855549048625
2402,-0.029085749974233
2403,-0.0290859450299077
2404,-0.0290865608466662
2405,-0.0290866515300765
2406,-0.0290870338117789
2407,-0.0290874161313844
2408,-0.0290883041922067
2409,-0.0290886809732694
2410,-0.0290888564998634
2411,-0.0290890320379414
2412,-0.0290891961384997
2413,-0.0290893216126225
2414,-0.0290899747139863
2415,-0.0290901872982133
2416,-0.0290904137093624
2417,-0.0290906401088766
2418,-0.0290907197942236
2419,-0.0290911352709843
2420,-0.0290915506879994
2421,-0.0290916440707935
2422,-0.029091796599035
2423,-0.0290923032967567
2424,-0.0290926232077005
2425,-0.0290929431421608
2426,-0.0290932569598624
2427,-0.0290935708075679
2428,-0.029093753677643
2429,-0.0290938632155521
2430,-0.0290940415018857
2431,-0.0290942197898376
2432,-0.029094308866593
2433,-0.0290944355088711
2434,-0.0290945621913057
2435,-0.0290949516149552
2436,-0.0290950268437919
2437,-0.0290951639856509
2438,-0.0290953011383877
2439,-0.0290953757206653
2440,-0.0290954970779738
2441,-0.0290956801174935
2442,-0.0290958631754326
2443,-0.0290962392273098
2444,-0.029096343799529
2445,-0.0290964483738752
2446,-0.0290965562568885
2447,-0.029096664148921
2448,-0.0290969506663177
2449,-0.0290972584228823
2450,-0.0290974802120863
2451,-0.0290977237701
2452,-0.029097967339016
2453,-0.0290980481115573
2454,-0.0290981265393154
2455,-0.0290985867723499
2456,-0.029098779599774
2457,-0.0290988353867447
2458,-0.0290989788159904
2459,-0.0290991222503555
2460,-0.0290992003925922
2461,-0.0290994624666713
2462,-0.0290997245620146
2463,-0.0290998707537483
2464,-0.0290999628621597
2465,-0.0291000822163928
2466,-0.0291002406685456
2467,-0.0291003991290589
2468,-0.0291007961733564
2469,-0.0291009804785648
2470,-0.029101140201487
2471,-0.0291013892526381
2472,-0.0291016382905718
2473,-0.0291024874133688
2474,-0.0291027865948898
2475,-0.0291030857589384
2476,-0.0291031876823397
2477,-0.0291032909882814
2478,-0.0291035953087445
2479,-0.0291038995928025
2480,-0.0291044143517989
2481,-0.0291046780054164
2482,-0.0291049416384672
2483,-0.0291053472079509
2484,-0.0291053767519303
2485,-0.0291058130511495
2486,-0.029106249344429
2487,-0.0291072169311999
2488,-0.0291078577577232
2489,-0.0291078960681127
2490,-0.0291083195533303
2491,-0.0291087428983264
2492,-0.0291087642138011
2493,-0.0291094871756547
2494,-0.0291097983737834
2495,-0.0291099743097668
2496,-0.0291101502401815
2497,-0.0291106477633095
2498,-0.0291111449816944
2499,-0.0291111672888162
2500,-0.0291114743791908
2501,-0.0291117818115485
2502,-0.0291118105699281
2503,-0.0291119182286823
2504,-0.029112025929647
2505,-0.0291120807448305
2506,-0.0291128347909883
2507,-0.0291130294287478
2508,-0.0291131849448827
2509,-0.0291133404640485
2510,-0.029113454202625
2511,-0.0291136310747366
2512,-0.0291138146857255
2513,-0.0291139982965261
2514,-0.0291145736861914
2515,-0.0291146505049596
2516,-0.0291148805890168
2517,-0.0291153147875251
2518,-0.0291153820115509
2519,-0.0291154731837814
2520,-0.0291155643582199
2521,-0.0291161258147166
2522,-0.0291166872695759
2523,-0.0291173418432961
2524,-0.0291178206558491
2525,-0.0291181148217586
2526,-0.0291184089876529
2527,-0.0291187132360868
2528,-0.0291200528356483
2529,-0.0291202502977961
2530,-0.0291204477631858
2531,-0.0291205780215842
2532,-0.0291206364927014
2533,-0.0291213617059877
2534,-0.0291216367357322
2535,-0.0291216968298362
2536,-0.0291217703864481
2537,-0.0291218439418674
2538,-0.029122004339686
2539,-0.0291221647322157
2540,-0.0291225495037429
2541,-0.0291226368330367
2542,-0.0291228746114928
2543,-0.0291229400134002
2544,-0.0291231994847104
2545,-0.0291234589558388
2546,-0.0291235893883248
2547,-0.029123719820036
2548,-0.0291238893771131
2549,-0.029124058938552
2550,-0.0291243563045644
2551,-0.0291244746517658
2552,-0.0291252517812988
2553,-0.0291256129363647
2554,-0.0291259740853554
2555,-0.0291261056565398
2556,-0.0291262839931369
2557,-0.0291269492319726
2558,-0.0291270020089493
2559,-0.0291273374419635
2560,-0.0291274790274909
2561,-0.0291276205964117
2562,-0.0291291598003699
2563,-0.029129310330934
2564,-0.0291294608594683
2565,-0.0291298009558804
2566,-0.0291300675724481
2567,-0.0291303341029441
2568,-0.0291304378946447
2569,-0.0291308769827375
2570,-0.0291313161642168
2571,-0.0291316809908583
2572,-0.0291318342146678
2573,-0.029131987438917
2574,-0.0291320538088208
2575,-0.0291322218062005
2576,-0.0291329024409285
2577,-0.0291331795594456
2578,-0.0291334566374887
2579,-0.0291337257071332
2580,-0.0291338591975297
2581,-0.0291338886754411
2582,-0.0291340806385613
2583,-0.0291341099109481
2584,-0.0291345318227235
2585,-0.0291347220554599
2586,-0.029134912290899
2587,-0.0291350630584911
2588,-0.0291354601783365
2589,-0.0291358572912601
2590,-0.0291366039584252
2591,-0.0291368919160966
2592,-0.0291371799220432
2593,-0.0291376136371508
2594,-0.0291380474324072
2595,-0.0291387058427861
2596,-0.0291390330913453
2597,-0.0291392919384733
2598,-0.0291395425302523
2599,-0.0291397931230319
2600,-0.0291401915249465
2601,-0.0291407176430589
2602,-0.0291412437610395
2603,-0.0291418834833137
2604,-0.0291421378817406
2605,-0.0291425055260799
2606,-0.0291430804545556
2607,-0.0291436553641339
2608,-0.0291439913266493
2609,-0.0291443272015
2610,-0.0291443935683152
2611,-0.0291445895483886
2612,-0.0291446508502181
2613,-0.0291468351026498
2614,-0.0291472024408253
2615,-0.0291475697561425
2616,-0.0291478587810859
2617,-0.0291480726138873
2618,-0.0291481917836705
2619,-0.0291483109507415
2620,-0.0291486043862831
2621,-0.0291488978559354
2622,-0.0291489185422481
2623,-0.0291489398314488
2624,-0.0291498575575884
2625,-0.02915029374947
2626,-0.0291507299620864
2627,-0.0291511360474245
2628,-0.0291521738494988
2629,-0.0291532116715928
2630,-0.0291533114179822
2631,-0.0291540255439637
2632,-0.0291540411705272
2633,-0.0291545820630623
2634,-0.0291551229840693
2635,-0.0291552219015457
2636,-0.0291558126958744
2637,-0.029156472415211
2638,-0.0291564925955902
2639,-0.0291565888427729
2640,-0.029156685105815
2641,-0.0291569150558856
2642,-0.0291569536320023
2643,-0.0291569922178279
2644,-0.0291571045353545
2645,-0.0291572168583166
2646,-0.0291574670647592
2647,-0.0291575461135637
2648,-0.0291575936651256
2649,-0.0291576262018605
2650,-0.0291577491239772
2651,-0.0291578930956193
2652,-0.0291580370712919
2653,-0.0291581472295557
2654,-0.0291583361919474
2655,-0.029158525146164
2656,-0.0291586660073064
2657,-0.029158849258834
2658,-0.0291590325287709
2659,-0.029159225529632
2660,-0.0291592654919882
2661,-0.0291594201936005
2662,-0.0291595749237062
2663,-0.0291596962074238
2664,-0.0291598912226348
2665,-0.0291599139567374
2666,-0.0291599828921347
2667,-0.0291600518263037
2668,-0.0291601003856131
2669,-0.0291603662721919
2670,-0.0291606031858521
2671,-0.02916084010261
2672,-0.0291610792299789
2673,-0.0291612723013706
2674,-0.0291613416642423
2675,-0.0291614110296169
2676,-0.0291615042385448
2677,-0.0291617066846117
2678,-0.0291619091206013
2679,-0.0291619908969087
2680,-0.0291622382817918
2681,-0.0291623591190212
2682,-0.0291624799494388
2683,-0.0291625447512739
2684,-0.0291627018257705
2685,-0.0291627963026445
2686,-0.0291629178797524
2687,-0.029163039466098
2688,-0.0291631286739296
2689,-0.0291634856198925
2690,-0.029163650923103
2691,-0.0291639059096968
2692,-0.0291641609044372
2693,-0.0291642228218468
2694,-0.0291643762471459
2695,-0.0291645296915836
2696,-0.0291647743689648
2697,-0.0291649185308496
2698,-0.0291652435463899
2699,-0.0291654481871603
2700,-0.0291656528305704
2701,-0.0291659358814566
2702,-0.0291660492617227
2703,-0.0291661626357748
2704,-0.0291663264995548
2705,-0.0291664775703935
2706,-0.0291666286443544
2707,-0.0291668054250021
2708,-0.029166915109731
2709,-0.0291670247931546
2710,-0.0291672038365164
2711,-0.0291673586343765
2712,-0.0291675134345215
2713,-0.0291676230881853
2714,-0.0291678279830985
2715,-0.029167948188116
2716,-0.0291680298881209
2717,-0.0291681220637946
2718,-0.0291682142409189
2719,-0.0291682973465364
2720,-0.0291686321683744
2721,-0.0291695174147251
2722,-0.0291699800623052
2723,-0.0291704427296926
2724,-0.0291707657627479
2725,-0.0291709012326217
2726,-0.029171221578207
2727,-0.0291715418342932
2728,-0.0291716527656431
2729,-0.0291719476044328
2730,-0.029171982548221
2731,-0.0291720145332231
2732,-0.029172098989265
2733,-0.0291722794053528
2734,-0.0291724597422082
2735,-0.0291726954998384
2736,-0.0291729312520725
2737,-0.0291729816314158
2738,-0.0291730460777125
2739,-0.0291731105269151
2740,-0.0291732399678903
2741,-0.0291732762182427
2742,-0.0291734034829091
2743,-0.0291735308160579
2744,-0.0291736255966755
2745,-0.0291737203718011
2746,-0.0291737458293405
2747,-0.0291740484969098
2748,-0.0291742185564994
2749,-0.0291744381652781
2750,-0.0291746577709987
2751,-0.0291747374416003
2752,-0.0291748437017984
2753,-0.0291751049864794
2754,-0.0291753662444115
2755,-0.0291753815720063
2756,-0.0291762198409469
2757,-0.0291767345855773
2758,-0.029176973309161
2759,-0.0291772121437614
2760,-0.0291774981300349
2761,-0.0291780464636738
2762,-0.0291785947899015
2763,-0.0291787893042554
2764,-0.029179242613724
2765,-0.0291796153237448
2766,-0.0291797590331679
2767,-0.0291799027407319
2768,-0.0291799960652402
2769,-0.0291801000870563
2770,-0.0291802989609208
2771,-0.0291804978454814
2772,-0.0291806667529838
2773,-0.0291808215036863
2774,-0.0291809762658075
2775,-0.0291812194702386
2776,-0.0291817410739176
2777,-0.0291822283498614
2778,-0.0291827156358545
2779,-0.0291831708328242
2780,-0.0291833585099153
2781,-0.0291835897151384
2782,-0.0291838552163472
2783,-0.0291841206869388
2784,-0.0291842935723923
2785,-0.0291845363911417
2786,-0.0291846909864691
2787,-0.0291848455776908
2788,-0.0291851345863461
2789,-0.0291853363468909
2790,-0.0291855097566865
2791,-0.0291856831496209
2792,-0.0291857384742627
2793,-0.0291858582814083
2794,-0.0291859781058865
2795,-0.0291860233933669
2796,-0.0291861338264402
2797,-0.0291862253537847
2798,-0.0291863168830299
2799,-0.0291864977573013
2800,-0.0291870606837733
2801,-0.0291871136392548
2802,-0.0291871795234408
2803,-0.0291872454202171
2804,-0.0291882003463117
2805,-0.029188263719451
2806,-0.0291884269852963
2807,-0.0291885902459995
2808,-0.0291900348247704
2809,-0.0291902303745699
2810,-0.0291909214983469
2811,-0.0291914469693667
2812,-0.029191972470812
2813,-0.0291920466825169
2814,-0.0291923511902406
2815,-0.0291926557274937
2816,-0.0291926948994182
2817,-0.0291930297479201
2818,-0.0291932548139007
2819,-0.0291933808757973
2820,-0.0291935069129555
2821,-0.0291935222105004
2822,-0.029193966656908
2823,-0.0291944110580933
2824,-0.0291949799860307
2825,-0.0291955032919948
2826,-0.0291955193444593
2827,-0.0291957272190932
2828,-0.0291959350731272
2829,-0.0291959460514614
2830,-0.0291960151907901
2831,-0.0291960843282113
2832,-0.0291963530932288
2833,-0.0291965959173556
2834,-0.0291966044475849
2835,-0.0291966101721865
2836,-0.029197265895455
2837,-0.0291976276391009
2838,-0.029197989149123
2839,-0.0291980462871478
2840,-0.02919853343686
2841,-0.0291990204774075
2842,-0.0291993669799155
2843,-0.0291994041326554
2844,-0.0291996498778611
2845,-0.0291997826288379
2846,-0.0291999154465457
2847,-0.0291999394134583
2848,-0.0292000744501714
2849,-0.0292002095530004
2850,-0.0292003608499149
2851,-0.029200790422007
2852,-0.0292012200528973
2853,-0.0292012765646989
2854,-0.0292013960746768
2855,-0.0292015156439863
2856,-0.0292017856504996
2857,-0.0292018521186504
2858,-0.0292019186129758
2859,-0.0292020309180964
2860,-0.029202143243831
2861,-0.0292022402420057
2862,-0.029202523816599
2863,-0.0292028972982597
2864,-0.0292030864744924
2865,-0.029203143037706
2866,-0.0292033898220802
2867,-0.0292036366215207
2868,-0.0292038646448259
2869,-0.0292040648195299
2870,-0.0292042649998037
2871,-0.0292043686029912
2872,-0.0292044533845363
2873,-0.029204670809819
2874,-0.0292048882151437
2875,-0.0292049661710391
2876,-0.0292050078105572
2877,-0.0292051133251937
2878,-0.0292052188439439
2879,-0.0292055238007829
2880,-0.0292058642082367
2881,-0.0292059287617594
2882,-0.0292059708516747
2883,-0.0292060615239721
2884,-0.0292061521971572
2885,-0.0292062460358621
2886,-0.0292063062765371
2887,-0.0292063665192344
2888,-0.0292065894783235
2889,-0.0292067527745005
2890,-0.0292069160701536
2891,-0.0292075438494826
2892,-0.0292077088028747
2893,-0.0292077513405323
2894,-0.029208035843524
2895,-0.0292083203573092
2896,-0.029208547079831
2897,-0.0292087861005341
2898,-0.0292090251225419
2899,-0.0292092690238868
2900,-0.0292095939472948
2901,-0.0292097484883345
2902,-0.0292098062811409
2903,-0.0292098952497849
2904,-0.0292099842118885
2905,-0.0292100468381638
2906,-0.0292101244575897
2907,-0.0292102279502056
2908,-0.0292105108468348
2909,-0.0292107937262381
2910,-0.0292109836038448
2911,-0.0292110712718045
2912,-0.0292111589390726
2913,-0.0292112185112201
2914,-0.0292115311343988
2915,-0.0292118437371388
2916,-0.0292119930840112
2917,-0.0292121891419711
2918,-0.0292123852506962
2919,-0.0292124372649315
2920,-0.029212574907418
2921,-0.0292127125597085
2922,-0.0292128121112893
2923,-0.0292134439945651
2924,-0.02921365762951
2925,-0.0292137012163511
2926,-0.0292140953403794
2927,-0.0292142584340374
2928,-0.0292144214552825
2929,-0.0292146947510044
2930,-0.0292150204572968
2931,-0.0292153462316091
2932,-0.0292154425370032
2933,-0.0292155388563011
2934,-0.0292155993241117
2935,-0.0292157118971654
2936,-0.0292158690402957
2937,-0.0292160806733151
2938,-0.0292162923399423
2939,-0.0292163838806752
2940,-0.0292164754316714
2941,-0.029216612611943
2942,-0.0292166477534261
2943,-0.0292167616186837
2944,-0.0292177884814166
2945,-0.0292181964994744
2946,-0.0292186045092844
2947,-0.0292186973507177
2948,-0.0292189562240335
2949,-0.0292196282752693
2950,-0.029220223433653
2951,-0.0292202626510989
2952,-0.0292204688922299
2953,-0.0292206751384182
2954,-0.0292209175232086
2955,-0.029221264227803
2956,-0.029221610930271
2957,-0.0292218486345008
2958,-0.0292220423746906
2959,-0.029222200951363
2960,-0.0292223595281903
2961,-0.0292225862018437
2962,-0.0292228128759467
2963,-0.0292230671756677
2964,-0.0292231388281181
2965,-0.0292232314374515
2966,-0.0292233240484671
2967,-0.0292233656033112
2968,-0.0292234894880538
2969,-0.0292237828635422
2970,-0.0292240762367258
2971,-0.0292242499382071
2972,-0.0292244814127589
2973,-0.0292247678604274
2974,-0.0292260141473005
2975,-0.0292262340057918
2976,-0.0292263638051592
2977,-0.0292264935913483
2978,-0.0292267536951581
2979,-0.0292270137833183
2980,-0.0292282305587914
2981,-0.0292287286638692
2982,-0.0292288272544288
2983,-0.0292291325661901
2984,-0.0292295930418787
2985,-0.0292296402139453
2986,-0.0292299424292074
2987,-0.029230245110948
2988,-0.0292306040084099
2989,-0.0292309622925798
2990,-0.0292310487818597
2991,-0.0292311931098323
2992,-0.0292313244275417
2993,-0.0292314556562981
2994,-0.0292314669978263
2995,-0.0292316364687803
2996,-0.0292318057465898
2997,-0.0292321965383731
2998,-0.0292325876063869
2999,-0.0292326060362846
3000,-0.0292329486766783
3001,-0.0292329926682351
3002,-0.029233357365514
3003,-0.0292334671106014
3004,-0.0292335767745221
3005,-0.0292338285380568
3006,-0.0292338409894033
3007,-0.0292338844294262
3008,-0.0292340842278545
3009,-0.0292342839142895
3010,-0.029234492326595
3011,-0.0292347009059825
3012,-0.0292347229543747
3013,-0.0292347450031742
3014,-0.0292348993871853
3015,-0.0292351230863927
3016,-0.0292351455664407
3017,-0.0292352866443126
3018,-0.0292354277043993
3019,-0.02923556395505
3020,-0.0292359147794399
3021,-0.0292359749567165
3022,-0.0292361015941243
3023,-0.0292362282429818
3024,-0.0292363359243797
3025,-0.0292364934629525
3026,-0.0292366510455127
3027,-0.0292367834084174
3028,-0.029236886096308
3029,-0.029236988807832
3030,-0.0292370838048718
3031,-0.0292371906987712
3032,-0.0292372726027268
3033,-0.029237395969137
3034,-0.0292375905763199
3035,-0.0292377851965629
3036,-0.0292379425933055
3037,-0.0292380166925221
3038,-0.0292380908006117
3039,-0.0292382749705244
3040,-0.0292384284219388
3041,-0.0292384983330825
3042,-0.0292386057839115
3043,-0.0292387104566235
3044,-0.0292389024627955
3045,-0.0292390944865711
3046,-0.0292391804706792
3047,-0.0292393309096827
3048,-0.0292395302683248
3049,-0.0292397296281262
3050,-0.0292398455108038
3051,-0.029240015258964
3052,-0.0292401850115384
3053,-0.0292403547674842
3054,-0.0292405050256391
3055,-0.0292405637080664
3056,-0.0292406223913225
3057,-0.0292406552317086
3058,-0.029240944254078
3059,-0.0292410511139347
3060,-0.0292411579798311
3061,-0.029241323684262
3062,-0.0292413764548553
3063,-0.0292415135748858
3064,-0.0292416954828071
3065,-0.0292418773948681
3066,-0.0292419868016355
3067,-0.0292420863474121
3068,-0.029242185895295
3069,-0.0292423925206847
3070,-0.0292425797303745
3071,-0.0292425863739421
3072,-0.029242611199304
3073,-0.0292426504849783
3074,-0.0292426897707117
3075,-0.0292427293124672
3076,-0.0292433362355204
3077,-0.0292440396046802
3078,-0.0292441176413498
3079,-0.0292441956780203
3080,-0.0292445206252025
3081,-0.0292447309133912
3082,-0.029244941201661
3083,-0.0292451514809111
3084,-0.0292452602984022
3085,-0.0292453691201445
3086,-0.0292454334765509
3087,-0.0292454978309426
3088,-0.0292457518133618
3089,-0.0292459798454486
3090,-0.0292462078801505
3091,-0.0292463417883076
3092,-0.0292464757044504
3093,-0.029246540813472
3094,-0.0292466869052669
3095,-0.0292468268403571
3096,-0.0292469126977049
3097,-0.0292470688084494
3098,-0.0292472249327881
3099,-0.0292473119604244
3100,-0.0292477065613786
3101,-0.0292478339330119
3102,-0.0292479613034323
3103,-0.029247970828372
3104,-0.0292480210261598
3105,-0.0292481035807688
3106,-0.0292483569896121
3107,-0.0292484941887445
3108,-0.0292486313889591
3109,-0.0292489959790933
3110,-0.0292492348897132
3111,-0.0292494738078573
3112,-0.02924953709697
3113,-0.029249618313096
3114,-0.0292496899946291
3115,-0.0292497978673424
3116,-0.0292499057422719
3117,-0.0292500238685626
3118,-0.0292501530660886
3119,-0.0292502028587091
3120,-0.0292502526518892
3121,-0.0292503653881994
3122,-0.0292504401642982
3123,-0.0292505978562606
3124,-0.0292507555359309
3125,-0.02925080495424
3126,-0.0292508214160137
3127,-0.0292508506781653
3128,-0.0292509519258523
3129,-0.0292510584939806
3130,-0.0292511650526274
3131,-0.0292518794435163
3132,-0.0292519665657272
3133,-0.0292520288290641
3134,-0.0292526135942674
3135,-0.0292531033999202
3136,-0.0292535932407776
3137,-0.0292538450982052
3138,-0.0292540861086731
3139,-0.0292543270162186
3140,-0.0292545333682661
3141,-0.0292547397993894
3142,-0.0292549032350775
3143,-0.0292551423821048
3144,-0.0292552698993733
3145,-0.0292553974910452
3146,-0.0292554941339751
3147,-0.0292557984687911
3148,-0.0292559954689333
3149,-0.0292560331154946
3150,-0.0292562031496575
3151,-0.0292563731681445
3152,-0.029256879369314
3153,-0.0292569038698089
3154,-0.0292570376757607
3155,-0.0292571715881481
3156,-0.0292573356011428
3157,-0.0292574996108298
3158,-0.0292576327495404
3159,-0.0292577846018256
3160,-0.029257852340787
3161,-0.0292580316368507
3162,-0.0292581053109128
3163,-0.0292581789949208
3164,-0.0292582134347682
3165,-0.0292583590388794
3166,-0.0292584100803049
3167,-0.0292584611193936
3168,-0.0292584848388991
3169,-0.0292585905966184
3170,-0.0292586963539928
3171,-0.0292594776142838
3172,-0.0292596192924857
3173,-0.029259760953411
3174,-0.0292597992587209
3175,-0.0292599234868484
3176,-0.0292600477236636
3177,-0.0292600686248384
3178,-0.0292601530130391
3179,-0.0292602373927624
3180,-0.0292609070601421
3181,-0.029261130948114
3182,-0.0292614937084754
3183,-0.0292618565090332
3184,-0.0292619802052046
3185,-0.0292621400074005
3186,-0.0292621522201782
3187,-0.0292625991129518
3188,-0.0292626605067344
3189,-0.0292627219005039
3190,-0.0292628458418952
3191,-0.0292633546525519
3192,-0.0292634598967054
3193,-0.0292635651427882
3194,-0.0292640338305923
3195,-0.0292642901587329
3196,-0.0292645464878024
3197,-0.0292647454988484
3198,-0.0292647946657044
3199,-0.0292651235576222
3200,-0.0292654522731997
3201,-0.0292656698334653
3202,-0.0292658875869
3203,-0.0292659163046336
3204,-0.0292660330522175
3205,-0.0292661470666403
3206,-0.0292662985591921
3207,-0.0292663974583331
3208,-0.0292664963574124
3209,-0.0292665654032439
3210,-0.0292666087547524
3211,-0.0292667218091336
3212,-0.029266834862749
3213,-0.0292668956180393
3214,-0.0292669563765238
3215,-0.0292670310137013
3216,-0.0292671336228199
3217,-0.0292671813514127
3218,-0.0292673430636885
3219,-0.0292676289515603
3220,-0.0292677566551769
3221,-0.0292678843661194
3222,-0.0292681122381852
3223,-0.0292682346285414
3224,-0.0292683570297377
3225,-0.0292684818079804
3226,-0.0292687633379183
3227,-0.0292688095282207
3228,-0.0292688557138361
3229,-0.0292690789058089
3230,-0.0292693021240497
3231,-0.0292694829206102
3232,-0.0292696214879509
3233,-0.0292699630268675
3234,-0.0292703045339011
3235,-0.0292703581998556
3236,-0.0292707495370496
3237,-0.0292708629641642
3238,-0.0292708918452458
3239,-0.0292712556165979
3240,-0.029271381699693
3241,-0.0292715077727667
3242,-0.0292716564427239
3243,-0.0292717224126214
3244,-0.0292717883812007
3245,-0.02927183001622
3246,-0.0292722483112136
3247,-0.0292722725470274
3248,-0.0292723894057086
3249,-0.0292724195258659
3250,-0.0292724496461205
3251,-0.0292724565979397
3252,-0.0292725347742801
3253,-0.0292728560539433
3254,-0.0292730054392245
3255,-0.0292731548215772
3256,-0.0292733146704367
3257,-0.0292737532770919
3258,-0.0292740698789098
3259,-0.0292743864983701
3260,-0.0292745012096703
3261,-0.0292746159077642
3262,-0.0292748074107018
3263,-0.0292748955291841
3264,-0.0292749836463885
3265,-0.0292750076790612
3266,-0.0292751620920994
3267,-0.0292753947119487
3268,-0.0292755255966228
3269,-0.0292756564906895
3270,-0.029275899327015
3271,-0.0292760061945134
3272,-0.0292762072781037
3273,-0.0292764083657036
3274,-0.029276589689557
3275,-0.0292770690316246
3276,-0.0292771580560766
3277,-0.0292772481571449
3278,-0.02927733826715
3279,-0.0292773854189894
3280,-0.0292774460910307
3281,-0.0292775067635153
3282,-0.0292776775869129
3283,-0.0292777096717036
3284,-0.0292777417558327
3285,-0.0292777717640793
3286,-0.0292779199968029
3287,-0.0292782682071817
3288,-0.0292783986305769
3289,-0.0292785290530785
3290,-0.0292786420650958
3291,-0.0292790072261883
3292,-0.0292793723793669
3293,-0.0292794835272218
3294,-0.0292798348495427
3295,-0.0292799366229647
3296,-0.0292800403923428
3297,-0.0292807850252063
3298,-0.0292809209602318
3299,-0.0292810041488545
3300,-0.0292810873441781
3301,-0.0292810942235028
3302,-0.0292811535143488
3303,-0.0292811807660075
3304,-0.0292812080185774
3305,-0.0292813729102744
3306,-0.0292814759830072
3307,-0.0292815790458051
3308,-0.0292816496046454
3309,-0.0292817201652442
3310,-0.0292817417370024
3311,-0.0292817875993606
3312,-0.0292818334602634
3313,-0.0292822829090014
3314,-0.0292824094618657
3315,-0.0292824128518591
3316,-0.0292824141127728
3317,-0.029282428327454
3318,-0.0292825025865081
3319,-0.0292825073534766
3320,-0.0292829276276675
3321,-0.0292833479029118
3322,-0.0292833545920349
3323,-0.0292834030350587
3324,-0.0292834514630339
3325,-0.0292834909785027
3326,-0.0292835007268396
3327,-0.029283538241028
3328,-0.0292835757565569
3329,-0.0292836071302951
3330,-0.0292837754432924
3331,-0.029284380331849
3332,-0.0292844399756727
3333,-0.0292844921921886
3334,-0.0292846025857581
3335,-0.0292847129206165
3336,-0.0292848421457125
3337,-0.0292849714223927
3338,-0.0292850251655424
3339,-0.0292850789090736
3340,-0.0292851350744669
3341,-0.0292851849799802
3342,-0.0292852348694489
3343,-0.0292854038540963
3344,-0.029285427895019
3345,-0.0292855871148002
3346,-0.0292857463395095
3347,-0.0292857873291657
3348,-0.0292858515268338
3349,-0.0292858958135503
3350,-0.0292859400949978
3351,-0.0292860100299867
3352,-0.0292861037719226
3353,-0.0292862963067608
3354,-0.02928648883347
3355,-0.0292866403208994
3356,-0.0292868686658919
3357,-0.0292870752738921
3358,-0.0292872819534232
3359,-0.0292873048354727
3360,-0.0292874711670331
3361,-0.0292876374749717
3362,-0.0292880426066435
3363,-0.0292884806667887
3364,-0.0292886753505499
3365,-0.029288870037256
3366,-0.0292890316653924
3367,-0.0292891231477407
3368,-0.0292892499942439
3369,-0.0292893470251197
3370,-0.0292894440740298
3371,-0.0292895584898674
3372,-0.0292896729223113
3373,-0.0292901130096613
3374,-0.0292902215848521
3375,-0.0292902812711659
3376,-0.0292905109412115
3377,-0.0292907405930189
3378,-0.0292908471686023
3379,-0.0292908677363654
3380,-0.0292909767121967
3381,-0.0292910856558427
3382,-0.0292910920303025
3383,-0.0292911406385633
3384,-0.0292912279332584
3385,-0.0292913152595982
3386,-0.029291348340646
3387,-0.0292914300639179
3388,-0.0292915117842147
3389,-0.029291574767741
3390,-0.0292916014944399
3391,-0.0292916425350561
3392,-0.0292919496094102
3393,-0.0292919756046683
3394,-0.0292922094751434
3395,-0.0292924433588282
3396,-0.0292928269832672
3397,-0.0292929279468554
3398,-0.029293028910816
3399,-0.0292931775880426
3400,-0.0292933262734366
3401,-0.0292935707992175
3402,-0.0292939008575589
3403,-0.0292950043966661
3404,-0.0292950739402355
3405,-0.0292951434856411
3406,-0.0292952256775826
3407,-0.0292953266453881
3408,-0.0292953702954243
3409,-0.0292954139327808
3410,-0.0292954788880796
3411,-0.0292962288468362
3412,-0.0292966569738291
3413,-0.0292970850507543
3414,-0.0292971174968574
3415,-0.029297376741854
3416,-0.0292976084527928
3417,-0.0292978401767334
3418,-0.029297867072083
3419,-0.029297924291388
3420,-0.029297981512537
3421,-0.0292983296036099
3422,-0.0292985566632377
3423,-0.0292986192288819
3424,-0.029298681797338
3425,-0.0292987000069425
3426,-0.0292989281354905
3427,-0.0292990129291807
3428,-0.0292990977362463
3429,-0.0292991151182175
3430,-0.0292993103783145
3431,-0.0292994506732345
3432,-0.0292995909502747
3433,-0.0292999287102897
3434,-0.0292999387204882
3435,-0.0293012956399974
3436,-0.0293017674182325
3437,-0.0293019491834798
3438,-0.029302130950289
3439,-0.0293021456823458
3440,-0.0293022224335994
3441,-0.0293022991736319
3442,-0.029302331322554
3443,-0.0293024176528367
3444,-0.0293025856114339
3445,-0.0293027537147851
3446,-0.029303584833347
3447,-0.0293044154791343
3448,-0.0293049862180466
3449,-0.0293051604332511
3450,-0.0293055018665464
3451,-0.0293058435461911
3452,-0.0293059215937609
3453,-0.0293064677912762
3454,-0.0293065404438877
3455,-0.029306644597059
3456,-0.029306748795442
3457,-0.029306767636861
3458,-0.0293069141900619
3459,-0.0293070607719064
3460,-0.0293071556080919
3461,-0.0293073515072756
3462,-0.0293077498141665
3463,-0.0293079411141945
3464,-0.0293081324321833
3465,-0.0293082893220293
3466,-0.0293084431469741
3467,-0.0293085969157837
3468,-0.0293088179544288
3469,-0.029308956151186
3470,-0.029309153988405
3471,-0.0293093517785262
3472,-0.0293094847799987
3473,-0.0293095095912399
3474,-0.0293095684035978
3475,-0.0293096897140775
3476,-0.0293098110364376
3477,-0.0293099344253681
3478,-0.0293102729929621
3479,-0.0293103017051712
3480,-0.0293104288019119
3481,-0.0293104423718613
3482,-0.0293105714535446
3483,-0.0293107005333209
3484,-0.0293107759445781
3485,-0.02931084642529
3486,-0.0293109084088896
3487,-0.0293109703938034
3488,-0.0293110073799773
3489,-0.0293110443723364
3490,-0.0293111445147865
3491,-0.0293112446654353
3492,-0.0293113847964245
3493,-0.0293114264981564
3494,-0.0293115035675244
3495,-0.0293115182418615
3496,-0.0293116138363467
3497,-0.0293117277423004
3498,-0.0293118416481789
3499,-0.0293119225878425
3500,-0.029312003516255
3501,-0.0293120772655518
3502,-0.0293122656527254
3503,-0.0293123048076007
3504,-0.0293123439606303
3505,-0.0293124538290494
3506,-0.0293124736790977
3507,-0.0293124935299799
3508,-0.0293125196234548
3509,-0.0293125540958051
3510,-0.0293125829381646
3511,-0.0293125866359416
3512,-0.0293126792583389
3513,-0.0293127357202739
3514,-0.0293127921807876
3515,-0.0293128350959973
3516,-0.0293128779857026
3517,-0.0293129435941184
3518,-0.0293130220309105
3519,-0.0293130435408658
3520,-0.0293131146043933
3521,-0.0293131886244229
3522,-0.0293132626332392
3523,-0.0293132721135525
3524,-0.0293133737945275
3525,-0.0293134754665957
3526,-0.0293135678554012
3527,-0.0293136602640698
3528,-0.0293137560528131
3529,-0.0293137927824116
3530,-0.0293138487731733
3531,-0.02931397416458
3532,-0.0293140815566024
3533,-0.0293141889965777
3534,-0.0293142033849504
3535,-0.0293142367829676
3536,-0.0293142701776309
3537,-0.0293143382567647
3538,-0.0293144540845119
3539,-0.0293145082552885
3540,-0.0293145624316828
3541,-0.0293146404922039
3542,-0.029314718549117
3543,-0.0293147477885746
3544,-0.0293148444054544
3545,-0.0293149010292671
3546,-0.0293149576559871
3547,-0.0293150652495742
3548,-0.0293151433773221
3549,-0.0293153151348213
3550,-0.0293154168729364
3551,-0.0293155154346212
3552,-0.0293155842276297
3553,-0.0293157368398057
3554,-0.0293158357599203
3555,-0.0293159346819055
3556,-0.0293160286537568
3557,-0.0293160730063348
3558,-0.0293161630586694
3559,-0.0293162531223876
3560,-0.0293163837446469
3561,-0.0293165143552084
3562,-0.0293166853095913
3563,-0.029316760296876
3564,-0.0293168585210258
3565,-0.0293169567480541
3566,-0.0293170460553599
3567,-0.0293171353656563
3568,-0.0293172880465971
3569,-0.0293173594625919
3570,-0.0293174350316998
3571,-0.029317520743621
3572,-0.0293176064552195
3573,-0.0293178646851696
3574,-0.0293180057207359
3575,-0.0293183033042239
3576,-0.0293186008863143
3577,-0.029318819073608
3578,-0.0293188785208792
3579,-0.0293191011184202
3580,-0.0293191440024123
3581,-0.0293192624941657
3582,-0.0293193801005796
3583,-0.0293194977054916
3584,-0.0293195684712019
3585,-0.0293196392374818
3586,-0.0293197303060292
3587,-0.0293198213725852
3588,-0.0293198645710462
3589,-0.029320216435899
3590,-0.0293202925197838
3591,-0.02932031054474
3592,-0.0293204135008957
3593,-0.0293205164412166
3594,-0.0293206101048237
3595,-0.029320703751729
3596,-0.0293207785593802
3597,-0.0293208417025604
3598,-0.029321286507156
3599,-0.0293213804585355
3600,-0.0293214744168944
3601,-0.0293216973808439
3602,-0.0293217106255462
3603,-0.0293218574895047
3604,-0.0293220278289218
3605,-0.0293221981700203
3606,-0.0293224893748538
3607,-0.0293225057685131
3608,-0.0293225823441299
3609,-0.0293226589196265
3610,-0.0293227132873665
3611,-0.0293227676554583
3612,-0.0293227792278294
3613,-0.0293228412748986
3614,-0.0293229719988263
3615,-0.0293232583101916
3616,-0.0293233135184017
3617,-0.0293234539573784
3618,-0.0293235944149607
3619,-0.0293236491484728
3620,-0.0293237039751676
3621,-0.0293237588053466
3622,-0.0293237862454482
3623,-0.0293238341096887
3624,-0.0293238717734312
3625,-0.0293241004128804
3626,-0.0293243290668989
3627,-0.0293245290378502
3628,-0.0293246447179076
3629,-0.0293247880100467
3630,-0.0293249313003619
3631,-0.0293249387300817
3632,-0.0293249675680728
3633,-0.0293249964040174
3634,-0.029325004179744
3635,-0.0293251301507361
3636,-0.0293252298911871
3637,-0.0293253622385609
3638,-0.0293254852173193
3639,-0.0293255147642982
3640,-0.0293255443109699
3641,-0.0293256389171927
3642,-0.0293257335215178
3643,-0.0293257604700403
3644,-0.0293258288169955
3645,-0.0293258971488802
3646,-0.0293260078099582
3647,-0.0293261184782477
3648,-0.0293261565407221
3649,-0.0293262575171039
3650,-0.0293262854069758
3651,-0.0293263409151027
3652,-0.0293263964214396
3653,-0.0293264749615051
3654,-0.0293265004511803
3655,-0.0293266878890722
3656,-0.0293267418581316
3657,-0.0293268301175551
3658,-0.0293269183828977
3659,-0.0293270561422971
3660,-0.0293271327982401
3661,-0.0293272094634033
3662,-0.0293272645274834
3663,-0.0293274480969284
3664,-0.0293276861489237
3665,-0.029327924196091
3666,-0.0293279744687694
3667,-0.0293280477860468
3668,-0.0293281308867355
3669,-0.0293282139904954
3670,-0.029328265589851
3671,-0.0293283476367369
3672,-0.0293284296840537
3673,-0.0293286062114273
3674,-0.0293291512301783
3675,-0.0293292156238037
3676,-0.0293292800203543
3677,-0.029329321596642
3678,-0.0293293468163954
3679,-0.0293294574530476
3680,-0.0293295680933531
3681,-0.0293296722794972
3682,-0.0293297484876682
3683,-0.0293298794937984
3684,-0.029330010509367
3685,-0.0293301477048618
3686,-0.0293301848275234
3687,-0.0293302219527909
3688,-0.0293302780210277
3689,-0.0293303347258244
3690,-0.02933034830742
3691,-0.029330551529502
3692,-0.0293307246196664
3693,-0.0293307911466242
3694,-0.0293308576745192
3695,-0.0293311592679374
3696,-0.0293312043339513
3697,-0.0293312493977451
3698,-0.0293314053451087
3699,-0.0293314163297038
3700,-0.0293314249915519
3701,-0.0293314569686096
3702,-0.0293314889435885
3703,-0.0293315553312522
3704,-0.0293315622299311
3705,-0.0293315761307799
3706,-0.0293316076867141
3707,-0.0293316392414802
3708,-0.0293317554467375
3709,-0.0293317948816414
3710,-0.0293318343130832
3711,-0.0293320216801673
3712,-0.0293322090554699
3713,-0.0293324627429232
3714,-0.0293325117877652
3715,-0.0293326232240445
3716,-0.029332880638337
3717,-0.0293330394201877
3718,-0.0293331982105274
3719,-0.0293332830756012
3720,-0.0293335160072706
3721,-0.0293337489773902
3722,-0.0293338870868639
3723,-0.0293339617044554
3724,-0.0293341107582038
3725,-0.0293342598035453
3726,-0.029334284755128
3727,-0.0293343001727691
3728,-0.029334496855839
3729,-0.0293346935461313
3730,-0.0293347707330361
3731,-0.0293360529625505
3732,-0.0293361352458665
3733,-0.0293362175248292
3734,-0.0293362481280057
3735,-0.029336453287732
3736,-0.0293365059556616
3737,-0.0293365586356505
3738,-0.0293368170117119
3739,-0.0293372129643794
3740,-0.0293376089459333
3741,-0.0293377439173669
3742,-0.0293379898765359
3743,-0.029338098476047
3744,-0.0293382070770326
3745,-0.0293387770953176
3746,-0.029338819200993
3747,-0.0293389770448148
3748,-0.0293391348903228
3749,-0.0293402733921898
3750,-0.0293403013694292
3751,-0.0293587217537791
3752,-0.0293587829949499
3753,-0.029362431333782
3754,-0.0293630011799344
3755,-0.0293635709961599
3756,-0.0293636243556652
3757,-0.0293637411639873
3758,-0.0293638579916914
3759,-0.0293811060452952
3760,-0.0293983540967706
3761,-0.0294124150805495
3762,-0.0294159920175264
3763,-0.0294161286855867
3764,-0.0294162655637242
3765,-0.0294163661495913
3766,-0.0294163752549669
3767,-0.0294169405646595
3768,-0.0294175055587447
3769,-0.0294176066474806
3770,-0.0294176956101442
3771,-0.0294181521257561
3772,-0.0294291392384052
3773,-0.0294401881546934
3774,-0.0294512370523067
3775,-0.0294620973964622
3776,-0.0294696266522556
3777,-0.0294697658657028
3778,-0.0294699050969462
3779,-0.029471117650034
3780,-0.0294771504499078
3781,-0.0294831614078652
3782,-0.0294890111790872
3783,-0.0294948610771592
3784,-0.0295007756954504
3785,-0.0295066903914767
3786,-0.0295115221183014
3787,-0.0295115548742655
3788,-0.0295116604506362
3789,-0.0295117660474912
3790,-0.0295117865214122
3791,-0.0295129267928547
3792,-0.0295212343015177
3793,-0.0295240714881348
3794,-0.0295269086838998
3795,-0.0295297970383435
3796,-0.0295325581712629
3797,-0.0295343000921772
3798,-0.0295371757354551
3799,-0.0295399855949763
3800,-0.029542795499776
3801,-0.0295443608327721
3802,-0.0295467256498156
3803,-0.0295506726115066
3804,-0.0295547363555575
3805,-0.029558800199553
3806,-0.02955882293719
3807,-0.0295588449824941
3808,-0.0295594971874223
3809,-0.0295601494315605
3810,-0.0295604983819072
3811,-0.0295608472752255
3812,-0.0295614112167699
3813,-0.0295614824907171
3814,-0.0295615537646593
3815,-0.02956168601995
3816,-0.0295616986637533
3817,-0.0295617112937159
3818,-0.0295617392657257
3819,-0.0295617420830887
3820,-0.0295618585386938
3821,-0.029561974998323
3822,-0.0295620027969473
3823,-0.0295620082416942
3824,-0.029562943491948
3825,-0.0295652846683695
3826,-0.0295676453347561
3827,-0.0295700060012106
3828,-0.0295723362854247
3829,-0.0295744721111607
3830,-0.0295745548419756
3831,-0.0295752191562192
3832,-0.029576823544679
3833,-0.0295769243753595
3834,-0.0295769598329584
3835,-0.0295769952711808
3836,-0.0295778447867751
3837,-0.0295787450141118
3838,-0.029579707756294
3839,-0.0295806705229161
3840,-0.029580817761704
3841,-0.0295818056805568
3842,-0.0295827935592201
3843,-0.0295833323280509
3844,-0.0295833579177785
3845,-0.0295833835074803
3846,-0.0295834730429481
3847,-0.0295844506641033
3848,-0.0295854282865418
3849,-0.0295863569837311
3850,-0.0295867674761718
3851,-0.0295871779683742
3852,-0.0295875959936588
3853,-0.0295879986434637
3854,-0.0295884163736776
3855,-0.0295888192571778
3856,-0.0295892449708437
3857,-0.0295896706839045
3858,-0.0295901475959862
3859,-0.0295901740740293
3860,-0.0295906061487535
3861,-0.0295910421566438
3862,-0.0295914781636932
3863,-0.0295919078827682
3864,-0.029592313902406
3865,-0.0295923329649599
3866,-0.0295923385960872
3867,-0.0295923426260993
3868,-0.0295923466561197
3869,-0.0295923589835925
3870,-0.0295923710243349
3871,-0.0295923830651272
3872,-0.0295923969702119
3873,-0.0295924000192205
3874,-0.0295924009174136
3875,-0.0295924115384976
3876,-0.029592422159646
3877,-0.0295924325371615
3878,-0.0295924327950427
3879,-0.0295924337756512
3880,-0.0295924348375992
3881,-0.0295924351252577
3882,-0.0295924357909101
3883,-0.029592436292288
3884,-0.0295924367086516
3885,-0.0295924368411966
3886,-0.0295924377288172
